player_id,is_bot,isolation_prediction,predicted_suspect,anomaly_score,risk_level
P00001,0,1,0,-0.1897997078533235,low
P00002,0,1,0,-0.1922494735804018,low
P00003,0,1,0,-0.1814430798750407,low
P00004,0,1,0,-0.1980343491813693,low
P00005,0,1,0,-0.14182293389217493,low
P00006,0,1,0,-0.1921558744274527,low
P00007,0,1,0,-0.17820229150237565,low
P00008,0,1,0,-0.13148865683192967,low
P00009,0,1,0,-0.20963558322401982,low
P00010,0,1,0,-0.17586809565298067,low
P00011,0,1,0,-0.17247083442082595,low
P00012,0,1,0,-0.14022408854851265,low
P00013,0,1,0,-0.16571280197778682,low
P00014,0,1,0,-0.12832186004578772,low
P00015,0,1,0,-0.2112912643140985,low
P00016,0,1,0,-0.011950075568643581,medium
P00017,0,1,0,-0.17309962301527526,low
P00018,0,1,0,-0.1215719698028852,low
P00019,0,1,0,-0.17095020213306988,low
P00020,0,1,0,-0.2085374462541904,low
P00021,0,1,0,-0.19509205282254027,low
P00022,0,1,0,-0.09106923427026159,medium
P00023,0,1,0,-0.14546957128939703,low
P00024,0,1,0,-0.05081435499421405,medium
P00025,0,1,0,-0.15032702769537765,low
P00026,0,1,0,-0.20858080349449482,low
P00027,0,1,0,-0.1514854370344184,low
P00028,0,1,0,-0.20796557537056382,low
P00029,0,1,0,-0.12020141133274032,low
P00030,0,1,0,-0.2096699386212677,low
P00031,0,1,0,-0.1558717682302545,low
P00032,0,1,0,-0.17123902918392792,low
P00033,0,1,0,-0.12382066080625947,low
P00034,0,1,0,-0.14182008792590906,low
P00035,0,1,0,-0.16154981405497637,low
P00036,0,1,0,-0.19951220517497215,low
P00037,0,1,0,-0.06663374904938657,medium
P00038,0,1,0,-0.06170166815354805,medium
P00039,0,1,0,-0.1978526556912774,low
P00040,0,1,0,-0.18467273851278426,low
P00041,0,1,0,-0.19997421944495014,low
P00042,0,1,0,-0.1540595139750512,low
P00043,0,1,0,-0.1989152097971607,low
P00044,0,1,0,-0.1566878843507149,low
P00045,0,1,0,-0.18847300392529798,low
P00046,0,1,0,-0.16670632137573826,low
P00047,0,1,0,-0.1810605073062888,low
P00048,0,1,0,-0.2006475841104921,low
P00049,0,1,0,-0.12347658109807247,low
P00050,0,1,0,-0.07184262240686812,medium
P00051,0,1,0,-0.12277031648434478,low
P00052,0,1,0,-0.19755374437009227,low
P00053,0,1,0,-0.18476594173869015,low
P00054,0,1,0,-0.0729484167517459,medium
P00055,0,1,0,-0.14204977583544398,low
P00056,0,1,0,-0.12588221943498967,low
P00057,0,1,0,-0.08266469953380812,medium
P00058,0,1,0,-0.014927674574680472,medium
P00059,0,1,0,-0.2007236511319883,low
P00060,0,1,0,-0.13903558481980072,low
P00061,0,1,0,-0.18784267879350447,low
P00062,0,1,0,-0.12576972466874514,low
P00063,0,1,0,-0.15722116698132915,low
P00064,0,1,0,-0.16517833523265701,low
P00065,0,1,0,-0.11085309379624136,low
P00066,0,1,0,-0.17363647479276073,low
P00067,0,1,0,-0.19295335294422417,low
P00068,0,1,0,-0.11403227264987253,low
P00069,0,1,0,-0.18677446046405105,low
P00070,0,1,0,-0.16294860173791476,low
P00071,0,1,0,-0.18466435661979086,low
P00072,0,1,0,-0.21144440546263893,low
P00073,0,1,0,-0.1963305587823413,low
P00074,0,1,0,-0.13821246695940625,low
P00075,0,1,0,-0.032088843220730356,medium
P00076,0,1,0,-0.2029799208665385,low
P00077,0,1,0,-0.17421691853013171,low
P00078,0,1,0,-0.1982290026488831,low
P00079,0,1,0,-0.08585394363874532,medium
P00080,0,1,0,-0.1855910774607123,low
P00081,0,1,0,-0.1938782028315939,low
P00082,0,1,0,-0.1128214806659919,low
P00083,0,1,0,-0.19625558992752118,low
P00084,0,1,0,-0.1468786224773117,low
P00085,0,1,0,-0.1406828091158015,low
P00086,0,1,0,-0.2119995026906316,low
P00087,0,1,0,-0.07947639300775433,medium
P00088,0,1,0,-0.05507774399095278,medium
P00089,0,1,0,-0.09606668946526892,low
P00090,0,1,0,-0.17460989622201167,low
P00091,0,1,0,-0.2008481960443821,low
P00092,0,1,0,-0.12913159991926643,low
P00093,0,1,0,-0.16057912442215544,low
P00094,0,1,0,-0.1150802212059322,low
P00095,0,1,0,-0.16000599972711227,low
P00096,0,1,0,-0.140645302156932,low
P00097,0,1,0,-0.19097714399972898,low
P00098,1,1,0,-0.019489730472232902,medium
P00099,0,1,0,-0.20592527151575274,low
P00100,0,1,0,-0.19233378951207913,low
P00101,0,1,0,-0.1685734958895127,low
P00102,0,1,0,-0.11520899678574115,low
P00103,0,1,0,-0.19607683097336198,low
P00104,0,1,0,-0.15592721203950521,low
P00105,0,1,0,-0.13118621986198276,low
P00106,0,1,0,-0.16531798122178687,low
P00107,0,1,0,-0.12782395623440118,low
P00108,0,1,0,-0.18332514339902556,low
P00109,1,-1,1,0.06202385229435936,high
P00110,0,1,0,-0.14222489059319787,low
P00111,0,1,0,-0.18409973411411984,low
P00112,0,1,0,-0.15135919523384334,low
P00113,0,1,0,-0.18168962039386782,low
P00114,0,1,0,-0.13655273323677536,low
P00115,0,1,0,-0.17912196171107542,low
P00116,0,1,0,-0.14454560054950882,low
P00117,0,1,0,-0.1984893420210414,low
P00118,0,1,0,-0.15410393629484892,low
P00119,0,1,0,-0.20772945073098947,low
P00120,0,1,0,-0.19951477457249672,low
P00121,0,1,0,-0.11801768198292262,low
P00122,1,-1,1,0.04269963466251847,high
P00123,0,1,0,-0.21041641488358653,low
P00124,0,1,0,-0.1904941221043852,low
P00125,0,1,0,-0.17847657139620998,low
P00126,0,1,0,-0.19103802459873015,low
P00127,0,1,0,-0.17287699259165928,low
P00128,0,1,0,-0.18018848062792137,low
P00129,0,1,0,-0.15017052501191153,low
P00130,0,1,0,-0.1472580222751197,low
P00131,0,1,0,-0.2093261901451891,low
P00132,0,1,0,-0.1904913775906379,low
P00133,0,1,0,-0.1995510429519673,low
P00134,0,1,0,-0.2094226732169941,low
P00135,0,1,0,-0.20220485005192396,low
P00136,0,1,0,-0.1435831180126666,low
P00137,0,1,0,-0.19400499475068556,low
P00138,0,1,0,-0.19845276979607557,low
P00139,0,1,0,-0.04864984866211586,medium
P00140,0,1,0,-0.20730361515647067,low
P00141,0,1,0,-0.1361323062015844,low
P00142,0,1,0,-0.16872801457868797,low
P00143,0,1,0,-0.196519035937596,low
P00144,0,1,0,-0.1650107497633312,low
P00145,0,1,0,-0.19981325003706707,low
P00146,0,1,0,-0.11009436082865537,low
P00147,0,1,0,-0.1625020290190391,low
P00148,0,1,0,-0.09648701438351565,low
P00149,0,1,0,-0.2074538692688711,low
P00150,0,1,0,-0.14404156056687611,low
P00151,1,-1,1,0.04428270950522584,high
P00152,0,1,0,-0.20152194773758547,low
P00153,0,1,0,-0.19566774875775983,low
P00154,0,1,0,-0.13566506289799252,low
P00155,0,1,0,-0.15820274380742566,low
P00156,0,1,0,-0.21388146483407844,low
P00157,0,1,0,-0.20116347772186244,low
P00158,0,1,0,-0.2052616546170417,low
P00159,0,1,0,-0.17469572768342623,low
P00160,0,1,0,-0.08866937053896817,medium
P00161,0,1,0,-0.12469696378820477,low
P00162,0,1,0,-0.08355303522915258,medium
P00163,0,1,0,-0.188056954415811,low
P00164,1,-1,1,0.02606432128709779,high
P00165,0,1,0,-0.14955215759418444,low
P00166,1,-1,1,0.030228434268318227,high
P00167,0,1,0,-0.1691260710066826,low
P00168,0,1,0,-0.14625334241152282,low
P00169,0,1,0,-0.14626422691025215,low
P00170,0,1,0,-0.20212228276740146,low
P00171,0,1,0,-0.10027676878898395,low
P00172,0,1,0,-0.12166924431998238,low
P00173,0,1,0,-0.08458424978927909,medium
P00174,0,1,0,-0.1569431222908178,low
P00175,0,1,0,-0.13614645034844636,low
P00176,0,1,0,-0.19844808032786332,low
P00177,0,1,0,-0.06481339516287843,medium
P00178,0,1,0,-0.18064147037233813,low
P00179,0,1,0,-0.12909612748666782,low
P00180,0,1,0,-0.19507917932450675,low
P00181,0,1,0,-0.1458022688063308,low
P00182,0,1,0,-0.20013168915611318,low
P00183,0,1,0,-0.14616674122906637,low
P00184,0,1,0,-0.12091315014401466,low
P00185,0,-1,1,0.0034267141063185624,high
P00186,0,1,0,-0.07267668372911706,medium
P00187,0,1,0,-0.2037425212602676,low
P00188,0,1,0,-0.2025659796500311,low
P00189,0,1,0,-0.20317137406747976,low
P00190,0,1,0,-0.1638592170332145,low
P00191,0,1,0,-0.16189376618794588,low
P00192,0,1,0,-0.20531305095049485,low
P00193,0,1,0,-0.14219691255568784,low
P00194,0,1,0,-0.18360164383432276,low
P00195,0,1,0,-0.08300358661565788,medium
P00196,0,1,0,-0.18888586784234979,low
P00197,0,1,0,-0.1469030559135533,low
P00198,0,1,0,-0.1931551293084166,low
P00199,0,1,0,-0.049932195756607456,medium
P00200,0,1,0,-0.10669689898021151,low
P00201,0,1,0,-0.12512049506698203,low
P00202,0,1,0,-0.18021830984830461,low
P00203,0,1,0,-0.032588776781811934,medium
P00204,0,1,0,-0.10129574876723052,low
P00205,0,1,0,-0.11184247900128624,low
P00206,0,1,0,-0.16866979738511156,low
P00207,1,-1,1,0.06546897704842147,high
P00208,1,-1,1,0.04224350395353116,high
P00209,0,1,0,-0.10901925204998741,low
P00210,0,1,0,-0.19589406993760466,low
P00211,0,1,0,-0.20023224439171639,low
P00212,1,-1,1,0.031019606721460424,high
P00213,0,1,0,-0.12422601687854284,low
P00214,0,1,0,-0.1318771343290152,low
P00215,0,1,0,-0.03748984853470294,medium
P00216,0,1,0,-0.1627329050726567,low
P00217,0,1,0,-0.11637832834215428,low
P00218,0,1,0,-0.08711435884642166,medium
P00219,0,1,0,-0.06652077607127937,medium
P00220,0,1,0,-0.12157968642519307,low
P00221,0,1,0,-0.14963067427117455,low
P00222,0,1,0,-0.09947931075113808,low
P00223,0,1,0,-0.13822277445625286,low
P00224,0,1,0,-0.02272915586306523,medium
P00225,0,1,0,-0.1574647353729085,low
P00226,0,1,0,-0.19458541974713706,low
P00227,1,1,0,-0.005431147061011443,medium
P00228,1,1,0,-0.008577140332887145,medium
P00229,0,1,0,-0.1915529321256655,low
P00230,0,1,0,-0.19185158584691125,low
P00231,0,1,0,-0.1354588554822897,low
P00232,0,1,0,-0.10704695805297176,low
P00233,0,1,0,-0.17260064356395965,low
P00234,0,-1,1,0.012527100152805115,high
P00235,0,1,0,-0.1553102230991617,low
P00236,0,1,0,-0.09063034170366047,medium
P00237,0,1,0,-0.20128013057161231,low
P00238,0,1,0,-0.199155810645343,low
P00239,0,1,0,-0.08700916956950178,medium
P00240,0,1,0,-0.19875907317043556,low
P00241,0,1,0,-0.19290974004701777,low
P00242,0,1,0,-0.12969626933649042,low
P00243,0,1,0,-0.2031993781289102,low
P00244,0,1,0,-0.1312617998050991,low
P00245,0,1,0,-0.1513773349111479,low
P00246,0,1,0,-0.19332558189551458,low
P00247,1,-1,1,0.009064545473925878,high
P00248,0,1,0,-0.13311501058791153,low
P00249,0,1,0,-0.18326766173989972,low
P00250,0,1,0,-0.15359366453213386,low
P00251,0,1,0,-0.20813062361196893,low
P00252,0,1,0,-0.20756240202259918,low
P00253,0,-1,1,0.03327361569173726,high
P00254,0,1,0,-0.18439832805378492,low
P00255,0,1,0,-0.2069112167436724,low
P00256,0,1,0,-0.17520864524381174,low
P00257,0,1,0,-0.1258044032371184,low
P00258,0,1,0,-0.09802281889129844,low
P00259,0,1,0,-0.18009833799099106,low
P00260,0,1,0,-0.1744726003201345,low
P00261,0,1,0,-0.19158797552328616,low
P00262,0,1,0,-0.1188006492735802,low
P00263,0,1,0,-0.15214189332450928,low
P00264,0,1,0,-0.08016651817682441,medium
P00265,0,1,0,-0.13895693964007938,low
P00266,0,1,0,-0.16277014368715215,low
P00267,0,1,0,-0.1923352531156603,low
P00268,0,1,0,-0.19307919787501449,low
P00269,0,1,0,-0.20841077631415023,low
P00270,0,1,0,-0.20446267920647626,low
P00271,0,1,0,-0.16810803656366685,low
P00272,0,1,0,-0.21200532885378526,low
P00273,0,1,0,-0.1616076535682685,low
P00274,0,1,0,-0.13549684889113411,low
P00275,0,1,0,-0.002139424799068923,medium
P00276,0,1,0,-0.19850503876957643,low
P00277,0,1,0,-0.19377340146367705,low
P00278,0,1,0,-0.07768376607757599,medium
P00279,0,1,0,-0.2057241180901871,low
P00280,0,1,0,-0.12040192074716466,low
P00281,0,1,0,-0.18164086766749143,low
P00282,0,1,0,-0.19024446279668328,low
P00283,0,1,0,-0.17624595979961105,low
P00284,1,-1,1,0.013679026120007265,high
P00285,0,1,0,-0.19847278703294385,low
P00286,0,1,0,-0.16724754335403536,low
P00287,0,1,0,-0.11120724075307181,low
P00288,0,1,0,-0.19135012882581076,low
P00289,0,1,0,-0.04902793202906497,medium
P00290,0,1,0,-0.15200107625697828,low
P00291,0,1,0,-0.13642823702578277,low
P00292,0,1,0,-0.1606242169399577,low
P00293,0,1,0,-0.055454862850381814,medium
P00294,0,1,0,-0.20945339510425592,low
P00295,0,1,0,-0.11466229790986449,low
P00296,0,1,0,-0.18405484129628158,low
P00297,0,1,0,-0.18421857572179007,low
P00298,0,1,0,-0.1906721581409207,low
P00299,0,1,0,-0.19073993683150597,low
P00300,0,1,0,-0.08818665951874483,medium
P00301,0,1,0,-0.18652660822568062,low
P00302,0,1,0,-0.2065202647627829,low
P00303,0,1,0,-0.10316632312695856,low
P00304,0,1,0,-0.13540316146295406,low
P00305,0,1,0,-0.17893750870808878,low
P00306,0,1,0,-0.19610816083856497,low
P00307,0,1,0,-0.17692993581743843,low
P00308,0,1,0,-0.06822965121755942,medium
P00309,0,1,0,-0.16414720927253657,low
P00310,0,1,0,-0.12310415712671358,low
P00311,0,1,0,-0.136819269326314,low
P00312,0,1,0,-0.1544786801308084,low
P00313,0,1,0,-0.16231062083353026,low
P00314,0,1,0,-0.14887047992103336,low
P00315,0,1,0,-0.20519570274437193,low
P00316,0,1,0,-0.19386979304634827,low
P00317,0,1,0,-0.19143289235196426,low
P00318,0,1,0,-0.17112694355822566,low
P00319,0,1,0,-0.1891978881921514,low
P00320,0,1,0,-0.18345993764802532,low
P00321,0,1,0,-0.08354329334396454,medium
P00322,0,1,0,-0.16675503933014746,low
P00323,0,1,0,-0.15644273063299302,low
P00324,1,-1,1,0.04475414853970716,high
P00325,0,1,0,-0.11908799103239476,low
P00326,0,1,0,-0.08326966725893148,medium
P00327,0,1,0,-0.1754747350388729,low
P00328,0,1,0,-0.17391066996044624,low
P00329,0,1,0,-0.19373025022508966,low
P00330,0,1,0,-0.17599250548291767,low
P00331,0,1,0,-0.04557726875406354,medium
P00332,0,1,0,-0.11543841219741946,low
P00333,0,1,0,-0.1116173709760448,low
P00334,0,1,0,-0.12077532671604752,low
P00335,0,1,0,-0.19935701611490375,low
P00336,0,1,0,-0.1887042694573851,low
P00337,0,1,0,-0.1936966587343586,low
P00338,0,1,0,-0.17467766200188217,low
P00339,1,-1,1,0.025528845866832572,high
P00340,0,1,0,-0.15414410554625502,low
P00341,0,1,0,-0.1428887346731536,low
P00342,0,1,0,-0.1940436281374608,low
P00343,0,1,0,-0.03256644635425021,medium
P00344,0,1,0,-0.2180184824239521,low
P00345,0,1,0,-0.12379480265693632,low
P00346,0,1,0,-0.18289046277407306,low
P00347,0,1,0,-0.172175253827961,low
P00348,0,1,0,-0.0263522682700017,medium
P00349,0,1,0,-0.17994982292461814,low
P00350,0,1,0,-0.1686722691434161,low
P00351,0,1,0,-0.19022707323525767,low
P00352,0,1,0,-0.1786822458996577,low
P00353,0,1,0,-0.18211732618359583,low
P00354,0,1,0,-0.187460779319565,low
P00355,0,1,0,-0.17380614389052867,low
P00356,0,1,0,-0.20531257313843343,low
P00357,0,1,0,-0.19181574107537097,low
P00358,0,1,0,-0.13218010991743906,low
P00359,0,1,0,-0.18501043873594908,low
P00360,0,1,0,-0.20363834637165845,low
P00361,0,1,0,-0.16108694022269932,low
P00362,1,-1,1,0.00813705915480989,high
P00363,0,1,0,-0.18993670095844306,low
P00364,0,1,0,-0.12332037035226362,low
P00365,0,1,0,-0.177645823427171,low
P00366,0,1,0,-0.1801878132286699,low
P00367,0,1,0,-0.15595566751000706,low
P00368,0,1,0,-0.1619080172342402,low
P00369,0,1,0,-0.16867508158524774,low
P00370,1,-1,1,0.04143887823380321,high
P00371,0,1,0,-0.09782372778607101,low
P00372,0,1,0,-0.15509755444520462,low
P00373,0,1,0,-0.15266379371613314,low
P00374,0,1,0,-0.17027579663311893,low
P00375,0,1,0,-0.17491559787636723,low
P00376,0,1,0,-0.09677063692730281,low
P00377,0,1,0,-0.16010456544330548,low
P00378,0,1,0,-0.1797839872777965,low
P00379,0,1,0,-0.20499589034730975,low
P00380,0,1,0,-0.17998398355957712,low
P00381,0,1,0,-0.12664834426990984,low
P00382,0,1,0,-0.17290784719018254,low
P00383,0,1,0,-0.11124111912323936,low
P00384,0,1,0,-0.14665411914896725,low
P00385,0,1,0,-0.1958090414907489,low
P00386,0,1,0,-0.10750210786799291,low
P00387,0,1,0,-0.17488587880541734,low
P00388,0,1,0,-0.17667075632739404,low
P00389,0,1,0,-0.17642985834428127,low
P00390,0,1,0,-0.18805055415752764,low
P00391,0,1,0,-0.1648284355900409,low
P00392,0,1,0,-0.20361877873376,low
P00393,0,1,0,-0.03921109892473673,medium
P00394,0,1,0,-0.00553716929998771,medium
P00395,0,1,0,-0.13575297953039306,low
P00396,0,1,0,-0.2025751044574871,low
P00397,0,1,0,-0.18956705650758143,low
P00398,0,1,0,-0.1964645971169885,low
P00399,0,1,0,-0.20543479847397245,low
P00400,0,1,0,-0.19776760018225953,low
P00401,0,1,0,-0.09295565016466056,medium
P00402,0,1,0,-0.10302555083771364,low
P00403,0,1,0,-0.13804334036111454,low
P00404,0,1,0,-0.19109501425561654,low
P00405,0,1,0,-0.18846732633771374,low
P00406,0,1,0,-0.2064869342580361,low
P00407,0,1,0,-0.20083695014253594,low
P00408,0,1,0,-0.14513193554835557,low
P00409,0,1,0,-0.20906266179732458,low
P00410,0,1,0,-0.17647602879771612,low
P00411,0,1,0,-0.18521261816098827,low
P00412,0,1,0,-0.20770303514315747,low
P00413,0,1,0,-0.07992631025489516,medium
P00414,0,1,0,-0.0673627291482578,medium
P00415,0,1,0,-0.013194328509821718,medium
P00416,0,1,0,-0.1815998100809622,low
P00417,0,1,0,-0.12432454296630407,low
P00418,1,-1,1,0.10639820300753111,high
P00419,0,1,0,-0.17654332212180618,low
P00420,0,1,0,-0.20631825860651387,low
P00421,0,1,0,-0.21134853245778573,low
P00422,0,1,0,-0.2058020714665118,low
P00423,0,1,0,-0.1548068189268874,low
P00424,0,1,0,-0.17313293431407528,low
P00425,0,1,0,-0.1773663822941593,low
P00426,0,1,0,-0.04958065141410006,medium
P00427,0,1,0,-0.19717339641641224,low
P00428,0,1,0,-0.1180290330891135,low
P00429,0,1,0,-0.151666709448688,low
P00430,0,1,0,-0.21765331107214658,low
P00431,0,1,0,-0.11024500146498334,low
P00432,0,1,0,-0.2132577170106516,low
P00433,0,1,0,-0.1311116343521584,low
P00434,0,1,0,-0.04110366364955187,medium
P00435,1,-1,1,0.015302783082732918,high
P00436,1,-1,1,0.017810531330522128,high
P00437,0,1,0,-0.10784591337332644,low
P00438,0,1,0,-0.14631315524970234,low
P00439,0,1,0,-0.2070165257671907,low
P00440,0,1,0,-0.17725401267637553,low
P00441,0,1,0,-0.1211976996212803,low
P00442,1,1,0,-0.00480192298049642,medium
P00443,0,1,0,-0.16912597734550427,low
P00444,0,1,0,-0.1258455242007086,low
P00445,0,1,0,-0.16792145044250728,low
P00446,0,1,0,-0.1467251136712962,low
P00447,0,1,0,-0.2007671101872241,low
P00448,0,1,0,-0.19657571973816612,low
P00449,0,1,0,-0.09860885358219817,low
P00450,0,1,0,-0.19024067568738967,low
P00451,0,1,0,-0.196159593194503,low
P00452,0,1,0,-0.059094581022564485,medium
P00453,0,1,0,-0.16390474692867113,low
P00454,1,-1,1,0.013355080845665723,high
P00455,0,1,0,-0.20887662006267188,low
P00456,0,1,0,-0.20411203517912158,low
P00457,0,1,0,-0.17682480546730944,low
P00458,0,1,0,-0.18582568777761455,low
P00459,0,1,0,-0.16856076864221248,low
P00460,0,1,0,-0.20548032204889255,low
P00461,0,1,0,-0.08763376010280333,medium
P00462,0,1,0,-0.19172324591834478,low
P00463,0,1,0,-0.19768019321963765,low
P00464,0,1,0,-0.11108251421768822,low
P00465,0,1,0,-0.08582560341187423,medium
P00466,0,1,0,-0.18485099247830694,low
P00467,0,1,0,-0.19231037531584788,low
P00468,0,1,0,-0.20114206200186213,low
P00469,0,1,0,-0.17416688108423012,low
P00470,0,1,0,-0.036926361177631706,medium
P00471,0,1,0,-0.19540441639004347,low
P00472,0,1,0,-0.14344690815379463,low
P00473,0,1,0,-0.19858443220721722,low
P00474,0,1,0,-0.15593553496928708,low
P00475,0,1,0,-0.13848839419478415,low
P00476,0,1,0,-0.1610304773092805,low
P00477,0,1,0,-0.1724204896399445,low
P00478,0,1,0,-0.1490248319316536,low
P00479,0,1,0,-0.11415544733630123,low
P00480,0,1,0,-0.1566839021972426,low
P00481,1,-1,1,0.041586863738787505,high
P00482,0,1,0,-0.19531211830060502,low
P00483,0,1,0,-0.18946090051026598,low
P00484,0,1,0,-0.121638068719025,low
P00485,0,1,0,-0.19885334491585965,low
P00486,0,1,0,-0.14680596671231882,low
P00487,0,1,0,-0.1446906554809419,low
P00488,0,1,0,-0.1491909277023616,low
P00489,0,1,0,-0.208441601913174,low
P00490,0,1,0,-0.18810879513998513,low
P00491,0,1,0,-0.08765151861888404,medium
P00492,0,1,0,-0.1524773824402636,low
P00493,0,1,0,-0.14873813418020004,low
P00494,1,-1,1,0.012794396128338437,high
P00495,0,1,0,-0.11544560455736774,low
P00496,0,1,0,-0.09307935339470097,medium
P00497,0,1,0,-0.12842625443390593,low
P00498,0,1,0,-0.19150936479218206,low
P00499,0,1,0,-0.17172072675281524,low
P00500,0,1,0,-0.1861650815490382,low
P00501,0,1,0,-0.13943513596505758,low
P00502,0,1,0,-0.1235721588945023,low
P00503,0,1,0,-0.15726126368430599,low
P00504,0,1,0,-0.024589473341266044,medium
P00505,0,1,0,-0.19076371481933163,low
P00506,0,1,0,-0.18351982839024772,low
P00507,0,1,0,-0.061379220689858904,medium
P00508,0,1,0,-0.15236125794961997,low
P00509,0,1,0,-0.19052506764058164,low
P00510,0,1,0,-0.18729801623888237,low
P00511,0,1,0,-0.21060418188483482,low
P00512,0,1,0,-0.1912886384114486,low
P00513,0,1,0,-0.17895364301710115,low
P00514,0,1,0,-0.19217570764088487,low
P00515,0,1,0,-0.1770155621312114,low
P00516,0,1,0,-0.1321836572517966,low
P00517,0,1,0,-0.15757320714437506,low
P00518,0,1,0,-0.21215753584856173,low
P00519,0,1,0,-0.17671637688479652,low
P00520,0,1,0,-0.15815974144621175,low
P00521,0,1,0,-0.2161682209731714,low
P00522,0,1,0,-0.1988382138300861,low
P00523,0,1,0,-0.18372587361816822,low
P00524,0,1,0,-0.19960477027118,low
P00525,0,1,0,-0.07061289198430443,medium
P00526,0,1,0,-0.16556718387782604,low
P00527,0,1,0,-0.1264039967930463,low
P00528,0,1,0,-0.15661464103448786,low
P00529,0,1,0,-0.03954193109413662,medium
P00530,0,1,0,-0.16084164810989499,low
P00531,0,1,0,-0.1902710894729155,low
P00532,0,1,0,-0.09057453389611064,medium
P00533,0,1,0,-0.16116055794972844,low
P00534,0,1,0,-0.19646781768560012,low
P00535,0,1,0,-0.13366893586882117,low
P00536,0,1,0,-0.21706976604952988,low
P00537,0,1,0,-0.19228863762377596,low
P00538,0,1,0,-0.16573308665783743,low
P00539,0,1,0,-0.20204291968411564,low
P00540,0,1,0,-0.20929595918632005,low
P00541,0,1,0,-0.1381178486021144,low
P00542,1,-1,1,0.08024374652542776,high
P00543,0,1,0,-0.16395890040344258,low
P00544,0,1,0,-0.16629062479973367,low
P00545,0,1,0,-0.10616113849380865,low
P00546,0,1,0,-0.2170740946919268,low
P00547,0,1,0,-0.1449914197332473,low
P00548,0,1,0,-0.017417082036508935,medium
P00549,0,1,0,-0.2034127842475255,low
P00550,0,1,0,-0.14918803502513073,low
P00551,0,1,0,-0.1832158337861164,low
P00552,0,1,0,-0.17365780493545474,low
P00553,0,1,0,-0.10543194716648047,low
P00554,0,1,0,-0.1746672962211453,low
P00555,0,1,0,-0.03301128199861936,medium
P00556,0,1,0,-0.16546119122665676,low
P00557,0,1,0,-0.18112137974180753,low
P00558,0,1,0,-0.20470484467980926,low
P00559,0,1,0,-0.19632332073187186,low
P00560,0,1,0,-0.08637547689194741,medium
P00561,1,-1,1,0.008051711033350228,high
P00562,1,-1,1,0.01627514825521792,high
P00563,0,1,0,-0.10044071699234852,low
P00564,0,1,0,-0.17889587117173983,low
P00565,0,1,0,-0.12251784915291675,low
P00566,0,1,0,-0.024309842086834732,medium
P00567,0,1,0,-0.18943180400094117,low
P00568,0,1,0,-0.09274316931463494,medium
P00569,0,1,0,-0.1319873610774857,low
P00570,0,1,0,-0.10476940187580747,low
P00571,1,-1,1,0.042056767468246714,high
P00572,0,1,0,-0.17702752200839017,low
P00573,0,1,0,-0.13561367984174566,low
P00574,0,1,0,-0.06928162865847265,medium
P00575,0,1,0,-0.050455620622154695,medium
P00576,0,1,0,-0.2128097503786675,low
P00577,0,1,0,-0.208914417012889,low
P00578,0,1,0,-0.1847607209048288,low
P00579,0,1,0,-0.1667859062626157,low
P00580,0,1,0,-0.053163569642305286,medium
P00581,0,1,0,-0.16468405710339518,low
P00582,0,1,0,-0.06464030287589195,medium
P00583,0,1,0,-0.11592400470166275,low
P00584,0,1,0,-0.19133395091303373,low
P00585,0,1,0,-0.09081340933422344,medium
P00586,0,1,0,-0.18229783629690538,low
P00587,1,-1,1,0.02332487004227468,high
P00588,0,1,0,-0.17484801924194132,low
P00589,0,1,0,-0.18343326879691352,low
P00590,0,1,0,-0.19920260568391557,low
P00591,0,1,0,-0.12002210359537252,low
P00592,0,1,0,-0.16467215732210955,low
P00593,0,1,0,-0.15579990862097537,low
P00594,0,1,0,-0.10304636146762652,low
P00595,0,1,0,-0.17257942049997577,low
P00596,0,1,0,-0.11000533858921852,low
P00597,0,1,0,-0.21667868758046788,low
P00598,0,1,0,-0.1756764953360344,low
P00599,0,1,0,-0.14455030450979822,low
P00600,1,-1,1,0.04168727676022732,high
P00601,0,1,0,-0.14212942134383977,low
P00602,0,1,0,-0.1596368218575056,low
P00603,0,1,0,-0.17123320224516225,low
P00604,0,1,0,-0.1738797135815654,low
P00605,0,1,0,-0.1763612371743573,low
P00606,0,1,0,-0.1728509132772752,low
P00607,1,-1,1,0.002707768979632985,high
P00608,0,1,0,-0.16478754912343158,low
P00609,0,1,0,-0.06414637751203545,medium
P00610,0,1,0,-0.18295754958810945,low
P00611,0,1,0,-0.19699970475381268,low
P00612,0,1,0,-0.12939222728698085,low
P00613,0,1,0,-0.20566423014434027,low
P00614,0,1,0,-0.20598172198237924,low
P00615,0,1,0,-0.2108028510655824,low
P00616,0,1,0,-0.20450868913425896,low
P00617,0,1,0,-0.18594891128142904,low
P00618,0,1,0,-0.1676763963891057,low
P00619,0,1,0,-0.19633206610794263,low
P00620,1,1,0,-0.00036980766705485557,medium
P00621,0,1,0,-0.13335877440257848,low
P00622,0,1,0,-0.15141995411511344,low
P00623,0,1,0,-0.15734850280163004,low
P00624,1,-1,1,0.004745617814466918,high
P00625,0,1,0,-0.1946982962553252,low
P00626,0,1,0,-0.20337694867101913,low
P00627,0,1,0,-0.2038799789770518,low
P00628,0,1,0,-0.1528276298642005,low
P00629,0,1,0,-0.19001242151135778,low
P00630,0,1,0,-0.19815379891533974,low
P00631,1,-1,1,0.029137066875080442,high
P00632,0,1,0,-0.15274266017545662,low
P00633,0,1,0,-0.18999975160999827,low
P00634,0,1,0,-0.20012276489398223,low
P00635,0,1,0,-0.1763265202591492,low
P00636,0,1,0,-0.08100665865094425,medium
P00637,0,1,0,-0.09286144738089902,medium
P00638,0,1,0,-0.18023485774627174,low
P00639,0,1,0,-0.18717940683197487,low
P00640,0,1,0,-0.16977221463409137,low
P00641,0,1,0,-0.19615244793834208,low
P00642,0,1,0,-0.1362841017410441,low
P00643,0,1,0,-0.004270361715260518,medium
P00644,0,1,0,-0.203341751957056,low
P00645,0,1,0,-0.20717873728401326,low
P00646,0,1,0,-0.17949418819739998,low
P00647,0,1,0,-0.16136975720801727,low
P00648,0,1,0,-0.1905507092114342,low
P00649,0,1,0,-0.18237202971486294,low
P00650,0,1,0,-0.15926202455064564,low
P00651,0,1,0,-0.1724601000388873,low
P00652,0,1,0,-0.19949910552199118,low
P00653,0,1,0,-0.2213017872523642,low
P00654,0,1,0,-0.19381900555328802,low
P00655,0,1,0,-0.17937735850445874,low
P00656,0,1,0,-0.1817310050334267,low
P00657,0,1,0,-0.1952384053832033,low
P00658,0,1,0,-0.1352384192272274,low
P00659,0,1,0,-0.16678504758967255,low
P00660,0,1,0,-0.19301606797656007,low
P00661,0,1,0,-0.11749259725756644,low
P00662,1,1,0,-0.005877140074686982,medium
P00663,0,1,0,-0.1204304424829385,low
P00664,0,1,0,-0.20861359984927358,low
P00665,0,1,0,-0.20163633285656174,low
P00666,0,1,0,-0.19371864718024895,low
P00667,0,1,0,-0.09545787449734983,low
P00668,0,1,0,-0.18101554720426427,low
P00669,0,1,0,-0.1947638496962003,low
P00670,1,-1,1,0.025534222576128474,high
P00671,0,1,0,-0.14932455311018622,low
P00672,0,1,0,-0.15276696938486434,low
P00673,0,1,0,-0.16113332999300067,low
P00674,0,1,0,-0.15625422768297748,low
P00675,0,1,0,-0.15075451596802786,low
P00676,1,1,0,-0.004868250565221999,medium
P00677,0,1,0,-0.14762060445180875,low
P00678,0,1,0,-0.20008973004065667,low
P00679,0,1,0,-0.14972710395292999,low
P00680,0,1,0,-0.12230729652426697,low
P00681,0,1,0,-0.19984602715580874,low
P00682,0,1,0,-0.21500354021430257,low
P00683,0,1,0,-0.21203390993645177,low
P00684,1,-1,1,0.005843339003137715,high
P00685,0,1,0,-0.15532338151567288,low
P00686,0,1,0,-0.12555687813202898,low
P00687,0,1,0,-0.1311944332520541,low
P00688,0,-1,1,0.0129388885547288,high
P00689,0,1,0,-0.12508222656884305,low
P00690,0,1,0,-0.07083035490035705,medium
P00691,0,1,0,-0.09552986551191128,low
P00692,0,1,0,-0.16345874872320487,low
P00693,0,-1,1,0.07746160534836699,high
P00694,0,1,0,-0.21126139004940475,low
P00695,0,1,0,-0.1514403870933318,low
P00696,0,1,0,-0.19389844436961373,low
P00697,0,1,0,-0.19753348259482856,low
P00698,0,1,0,-0.16915231136665437,low
P00699,0,1,0,-0.21417605849750987,low
P00700,0,1,0,-0.19735289446670518,low
P00701,0,1,0,-0.19611777130843105,low
P00702,0,1,0,-0.17611656966979367,low
P00703,0,1,0,-0.17149657036524552,low
P00704,0,1,0,-0.11691284934139623,low
P00705,0,1,0,-0.21609662646496253,low
P00706,0,1,0,-0.20696834807902537,low
P00707,0,1,0,-0.20333776708425705,low
P00708,0,1,0,-0.16828073392636206,low
P00709,0,1,0,-0.17317257147883036,low
P00710,0,1,0,-0.15164706737422984,low
P00711,0,1,0,-0.13950516931641127,low
P00712,0,1,0,-0.1777640428780965,low
P00713,0,1,0,-0.11420272767123885,low
P00714,0,1,0,-0.13691794945154173,low
P00715,1,-1,1,0.037085637480593237,high
P00716,0,1,0,-0.19460338041381375,low
P00717,0,1,0,-0.16507275357740886,low
P00718,0,1,0,-0.1841752928491185,low
P00719,0,1,0,-0.21584417660434796,low
P00720,0,1,0,-0.09859035543879191,low
P00721,0,1,0,-0.2168994587790325,low
P00722,0,1,0,-0.08548669137957798,medium
P00723,0,1,0,-0.20489536756242804,low
P00724,0,1,0,-0.16318717200621657,low
P00725,0,1,0,-0.19011305082091173,low
P00726,0,1,0,-0.20172335620008708,low
P00727,0,1,0,-0.05823515165091819,medium
P00728,0,1,0,-0.19642084328756093,low
P00729,0,1,0,-0.19837714150762364,low
P00730,1,-1,1,0.0014680665685558036,high
P00731,0,1,0,-0.17159065490971748,low
P00732,0,1,0,-0.16399258900383218,low
P00733,0,1,0,-0.1819464565934355,low
P00734,0,1,0,-0.14068452558707523,low
P00735,0,1,0,-0.1451319585494616,low
P00736,1,-1,1,0.1164215924164258,high
P00737,0,1,0,-0.18883180384444898,low
P00738,0,1,0,-0.18353438974673597,low
P00739,0,1,0,-0.16054832714984618,low
P00740,0,1,0,-0.10742536666529018,low
P00741,0,1,0,-0.1244121650660105,low
P00742,0,1,0,-0.19283462289618308,low
P00743,0,1,0,-0.18418297213671708,low
P00744,0,1,0,-0.18095051481828917,low
P00745,0,1,0,-0.09070564753634142,medium
P00746,0,1,0,-0.2089603219662972,low
P00747,0,1,0,-0.15228565653369336,low
P00748,0,1,0,-0.12472932863932107,low
P00749,0,1,0,-0.17371356500919272,low
P00750,0,1,0,-0.06357973739829148,medium
P00751,0,1,0,-0.138846913111978,low
P00752,0,1,0,-0.08472316285909698,medium
P00753,0,1,0,-0.2042155885100314,low
P00754,0,1,0,-0.11623193104516916,low
P00755,0,1,0,-0.1257283598958961,low
P00756,0,1,0,-0.170417433053749,low
P00757,0,1,0,-0.2122382849312191,low
P00758,0,1,0,-0.1294018789667447,low
P00759,0,1,0,-0.2005584763190144,low
P00760,0,1,0,-0.14778746627011402,low
P00761,0,1,0,-0.15710579831683813,low
P00762,0,1,0,-0.16414326645180255,low
P00763,0,1,0,-0.19015308391260183,low
P00764,1,-1,1,0.009059991500537934,high
P00765,0,1,0,-0.10699061039798968,low
P00766,0,1,0,-0.15890569484595934,low
P00767,0,1,0,-0.19944241764532744,low
P00768,0,1,0,-0.1827731760225691,low
P00769,0,1,0,-0.10525259593606401,low
P00770,1,-1,1,0.02773772740380198,high
P00771,0,1,0,-0.08991701543846126,medium
P00772,0,1,0,-0.14181210974081904,low
P00773,0,1,0,-0.16157173738044417,low
P00774,0,1,0,-0.09598207741153686,low
P00775,0,1,0,-0.19501213199576584,low
P00776,0,1,0,-0.16789611079740263,low
P00777,0,1,0,-0.17887198336741444,low
P00778,0,1,0,-0.13800322181142533,low
P00779,0,1,0,-0.16531286612539392,low
P00780,0,1,0,-0.20201039052829367,low
P00781,1,-1,1,0.017501120487136368,high
P00782,0,1,0,-0.15144276858411065,low
P00783,0,-1,1,3.636892340230791e-05,high
P00784,0,1,0,-0.15086052622852386,low
P00785,0,1,0,-0.10085213123929704,low
P00786,0,1,0,-0.13319976341125322,low
P00787,0,1,0,-0.15860806940373168,low
P00788,0,1,0,-0.08957245554178278,medium
P00789,0,1,0,-0.19434465286127833,low
P00790,0,1,0,-0.13123643987030886,low
P00791,0,1,0,-0.16679655857409642,low
P00792,0,1,0,-0.19118979490402244,low
P00793,0,1,0,-0.1501644513959054,low
P00794,0,1,0,-0.18587562864108548,low
P00795,0,1,0,-0.2136088319255402,low
P00796,1,-1,1,0.05077778642394637,high
P00797,0,1,0,-0.17916810139185446,low
P00798,0,1,0,-0.05276554543119938,medium
P00799,0,1,0,-0.18491715737991254,low
P00800,0,1,0,-0.21133259609926452,low
P00801,0,1,0,-0.1511040806022791,low
P00802,0,1,0,-0.18462379958667235,low
P00803,0,1,0,-0.1557566917943699,low
P00804,0,1,0,-0.2058704433848501,low
P00805,0,1,0,-0.1619167000369141,low
P00806,0,1,0,-0.11934446654270875,low
P00807,1,-1,1,0.024283123528244355,high
P00808,0,1,0,-0.1222618330171169,low
P00809,0,1,0,-0.13570522131007395,low
P00810,0,1,0,-0.1533107146206643,low
P00811,0,1,0,-0.20288534192077662,low
P00812,0,1,0,-0.19061763851728625,low
P00813,0,1,0,-0.16179519024883227,low
P00814,0,1,0,-0.14500569377356637,low
P00815,0,1,0,-0.10152198643886984,low
P00816,0,1,0,-0.20687947997347483,low
P00817,1,-1,1,0.06021141480077741,high
P00818,1,-1,1,0.07168402588684153,high
P00819,0,1,0,-0.1958925272537475,low
P00820,0,1,0,-0.07294098137775806,medium
P00821,0,1,0,-0.18784991921806715,low
P00822,0,1,0,-0.1590272722331449,low
P00823,0,1,0,-0.14387700429228423,low
P00824,0,1,0,-0.17384589899180564,low
P00825,0,1,0,-0.14777697121430006,low
P00826,0,1,0,-0.12250004598912378,low
P00827,1,-1,1,0.03666097503111465,high
P00828,0,1,0,-0.1956686276888861,low
P00829,0,1,0,-0.2161509773152222,low
P00830,0,1,0,-0.08628881145448719,medium
P00831,0,1,0,-0.14494048878285287,low
P00832,0,1,0,-0.18927744280609637,low
P00833,0,1,0,-0.18938291630494614,low
P00834,0,1,0,-0.18376188473373667,low
P00835,0,1,0,-0.2074470040374437,low
P00836,0,1,0,-0.15521146321547347,low
P00837,0,1,0,-0.18220400256888347,low
P00838,0,1,0,-0.13643647129403141,low
P00839,0,1,0,-0.17519400450134515,low
P00840,0,1,0,-0.1659974727113313,low
P00841,0,1,0,-0.18085947295305022,low
P00842,0,1,0,-0.1586587437610475,low
P00843,0,1,0,-0.2119551870880514,low
P00844,0,1,0,-0.18075831920269753,low
P00845,0,1,0,-0.20701279615152152,low
P00846,0,1,0,-0.015131669874027143,medium
P00847,0,1,0,-0.1591986324686075,low
P00848,0,1,0,-0.11865614459326224,low
P00849,0,1,0,-0.14318331140961504,low
P00850,1,-1,1,0.0046766212152580255,high
P00851,0,1,0,-0.19515433639137808,low
P00852,0,1,0,-0.15164694174880844,low
P00853,0,1,0,-0.17734640340934693,low
P00854,0,1,0,-0.20036867619966592,low
P00855,0,1,0,-0.17501400705578496,low
P00856,0,1,0,-0.0977407829077136,low
P00857,0,1,0,-0.1503033833991534,low
P00858,0,1,0,-0.06346566820281041,medium
P00859,0,1,0,-0.19871269973084033,low
P00860,0,1,0,-0.1835634620429149,low
P00861,0,1,0,-0.1368922550241759,low
P00862,0,1,0,-0.15696406363711268,low
P00863,0,1,0,-0.17121775082127638,low
P00864,0,1,0,-0.16541791302656533,low
P00865,0,1,0,-0.1830150275287054,low
P00866,0,1,0,-0.16769408175432454,low
P00867,0,1,0,-0.1706622677544734,low
P00868,0,1,0,-0.17786282296746192,low
P00869,0,1,0,-0.21803216052057506,low
P00870,0,1,0,-0.09136497739471411,medium
P00871,0,1,0,-0.11859543999239858,low
P00872,0,1,0,-0.14560477391411314,low
P00873,0,1,0,-0.18461114938475814,low
P00874,0,1,0,-0.1985316008245397,low
P00875,0,1,0,-0.1825688804543915,low
P00876,0,1,0,-0.1767616103573858,low
P00877,0,1,0,-0.20251490997210864,low
P00878,0,1,0,-0.16406376666334677,low
P00879,0,1,0,-0.09607690929023699,low
P00880,0,1,0,-0.21001165138137423,low
P00881,0,1,0,-0.1756746844152008,low
P00882,0,1,0,-0.20220762487954125,low
P00883,0,1,0,-0.15969017464351004,low
P00884,0,-1,1,0.006098264140173559,high
P00885,0,1,0,-0.041842033121018196,medium
P00886,0,1,0,-0.1900238618354021,low
P00887,0,1,0,-0.19474363950384121,low
P00888,0,1,0,-0.2073037612806342,low
P00889,0,1,0,-0.19100431559549425,low
P00890,1,1,0,-0.014741543075065255,medium
P00891,0,1,0,-0.17426911301107456,low
P00892,0,1,0,-0.012803674695262113,medium
P00893,0,1,0,-0.13761380659975453,low
P00894,0,1,0,-0.07343607563571619,medium
P00895,0,1,0,-0.18072188673497674,low
P00896,0,1,0,-0.1668655059118752,low
P00897,1,-1,1,0.033996766610532636,high
P00898,0,-1,1,0.0007961602786675792,high
P00899,0,1,0,-0.15162517070814713,low
P00900,0,1,0,-0.10790174652396273,low
P00901,0,1,0,-0.07077128270647748,medium
P00902,0,1,0,-0.15560886434148868,low
P00903,0,1,0,-0.19926221462992577,low
P00904,0,1,0,-0.2057597549545614,low
P00905,0,1,0,-0.16821144027620744,low
P00906,0,1,0,-0.19172126751544805,low
P00907,0,1,0,-0.18806645162598146,low
P00908,0,1,0,-0.12190611870264767,low
P00909,0,1,0,-0.20725131734379204,low
P00910,0,1,0,-0.10136314374381933,low
P00911,0,1,0,-0.13992111656203216,low
P00912,1,-1,1,0.014724513423445051,high
P00913,0,1,0,-0.15551379595768655,low
P00914,0,1,0,-0.13346578669817188,low
P00915,0,1,0,-0.21613795469199776,low
P00916,0,1,0,-0.010388235634182563,medium
P00917,0,1,0,-0.0663155035696904,medium
P00918,0,1,0,-0.16842444160485232,low
P00919,0,1,0,-0.18734981066658685,low
P00920,0,1,0,-0.1671641988789075,low
P00921,0,1,0,-0.21028106752471276,low
P00922,0,1,0,-0.1685777944022172,low
P00923,0,1,0,-0.09377647470435457,medium
P00924,0,1,0,-0.14431490036328565,low
P00925,0,1,0,-0.14668621624467204,low
P00926,0,1,0,-0.18062434460270566,low
P00927,0,1,0,-0.20560186017049653,low
P00928,0,1,0,-0.15555532871473754,low
P00929,0,1,0,-0.20115440773256638,low
P00930,0,1,0,-0.16155730838484722,low
P00931,0,1,0,-0.19522497011927564,low
P00932,0,1,0,-0.188689023784542,low
P00933,0,1,0,-0.2092384351188623,low
P00934,0,1,0,-0.1189928106871207,low
P00935,0,1,0,-0.18491299962919056,low
P00936,0,1,0,-0.050701787847580726,medium
P00937,0,1,0,-0.16996608312294587,low
P00938,0,1,0,-0.1767532733122213,low
P00939,0,1,0,-0.038110356507631726,medium
P00940,0,1,0,-0.17452778096993793,low
P00941,0,1,0,-0.1370974032504227,low
P00942,0,1,0,-0.17997249575732566,low
P00943,0,1,0,-0.15561913699025393,low
P00944,0,1,0,-0.15368262318183573,low
P00945,0,1,0,-0.13639117441309556,low
P00946,0,1,0,-0.1874553634454535,low
P00947,0,1,0,-0.19733670300257905,low
P00948,0,1,0,-0.14795036162665237,low
P00949,0,1,0,-0.09676828501692714,low
P00950,0,1,0,-0.1162870884479637,low
P00951,0,1,0,-0.16897212263532246,low
P00952,0,1,0,-0.20808895647396075,low
P00953,0,1,0,-0.12624151815059875,low
P00954,0,1,0,-0.2082286239880738,low
P00955,0,1,0,-0.14286835646183677,low
P00956,0,1,0,-0.14926464812968843,low
P00957,0,1,0,-0.16066484104483714,low
P00958,0,1,0,-0.10493653245872409,low
P00959,0,1,0,-0.14845486549723824,low
P00960,1,-1,1,0.0064692094820535395,high
P00961,0,1,0,-0.21701953549194913,low
P00962,0,1,0,-0.20652132494441416,low
P00963,0,1,0,-0.1738848815326578,low
P00964,0,1,0,-0.13453292275101753,low
P00965,0,1,0,-0.19220227032559595,low
P00966,0,1,0,-0.16994605595740647,low
P00967,0,1,0,-0.2082688509444614,low
P00968,0,1,0,-0.1541890716972676,low
P00969,0,1,0,-0.15817988744399447,low
P00970,0,1,0,-0.11066252195844561,low
P00971,0,1,0,-0.21453394249724578,low
P00972,1,1,0,-0.002588549062564227,medium
P00973,0,1,0,-0.18833299992860653,low
P00974,1,-1,1,0.01962159699235444,high
P00975,1,1,0,-0.01139581665472722,medium
P00976,0,-1,1,0.014049149770740677,high
P00977,0,1,0,-0.1757804660077802,low
P00978,0,1,0,-0.10680744480857973,low
P00979,0,1,0,-0.041887297677471236,medium
P00980,0,1,0,-0.1507610561901611,low
P00981,0,1,0,-0.07330846277404279,medium
P00982,0,1,0,-0.19634340381837279,low
P00983,0,1,0,-0.1692513431671694,low
P00984,0,1,0,-0.14756509454699984,low
P00985,0,1,0,-0.08800474598602909,medium
P00986,0,1,0,-0.16966256066926522,low
P00987,0,1,0,-0.2018092445585703,low
P00988,0,1,0,-0.15130788110716592,low
P00989,0,1,0,-0.1578977513748141,low
P00990,0,1,0,-0.21720590280753116,low
P00991,0,1,0,-0.08483702847223562,medium
P00992,0,1,0,-0.12396245405091483,low
P00993,0,1,0,-0.07205837819203031,medium
P00994,0,1,0,-0.1579999657993229,low
P00995,0,1,0,-0.18954534606471307,low
P00996,0,1,0,-0.17820768966961203,low
P00997,0,1,0,-0.1840081895258654,low
P00998,0,1,0,-0.10700831088953433,low
P00999,0,1,0,-0.20615223929724613,low
P01000,0,1,0,-0.15759225440836117,low
P01001,0,1,0,-0.128816860351102,low
P01002,0,1,0,-0.1531738217752905,low
P01003,0,1,0,-0.16673868520260632,low
P01004,1,-1,1,0.026384817287118723,high
P01005,0,1,0,-0.20473039571308538,low
P01006,0,1,0,-0.0703771507862827,medium
P01007,0,1,0,-0.20058334245711562,low
P01008,0,1,0,-0.09506912478981838,low
P01009,0,1,0,-0.19829231610100573,low
P01010,0,1,0,-0.17197018889087562,low
P01011,0,1,0,-0.18186513817230748,low
P01012,0,1,0,-0.18825004892706204,low
P01013,0,1,0,-0.20077868398730758,low
P01014,0,1,0,-0.19404704530949995,low
P01015,0,1,0,-0.13551050679440596,low
P01016,0,1,0,-0.16604812822598725,low
P01017,0,1,0,-0.12391634370416915,low
P01018,0,1,0,-0.13207622170763633,low
P01019,0,1,0,-0.14784755971334557,low
P01020,0,1,0,-0.2008337884880479,low
P01021,0,1,0,-0.13697250927835408,low
P01022,0,1,0,-0.16216046850318566,low
P01023,0,1,0,-0.19077383451971341,low
P01024,0,1,0,-0.19791057323055145,low
P01025,0,1,0,-0.12167600184991573,low
P01026,0,1,0,-0.09470764377060914,medium
P01027,0,1,0,-0.1775494542854797,low
P01028,0,1,0,-0.17983278267993585,low
P01029,0,1,0,-0.20864095551580314,low
P01030,0,1,0,-0.12119773363401681,low
P01031,0,1,0,-0.17328424554874777,low
P01032,0,1,0,-0.19601321438150043,low
P01033,0,1,0,-0.20982322174653706,low
P01034,0,1,0,-0.1708404350986561,low
P01035,0,1,0,-0.20190764380058895,low
P01036,0,1,0,-0.026153983225801203,medium
P01037,0,1,0,-0.12501153889988403,low
P01038,0,1,0,-0.1112338197517796,low
P01039,0,1,0,-0.14561419719320606,low
P01040,0,1,0,-0.1655268620045911,low
P01041,1,-1,1,0.008230702863216699,high
P01042,0,1,0,-0.16195977737779732,low
P01043,0,1,0,-0.11889308550442901,low
P01044,0,1,0,-0.1260551886642533,low
P01045,1,-1,1,0.004109051462633295,high
P01046,0,1,0,-0.18293984741539238,low
P01047,0,1,0,-0.16238061581332275,low
P01048,0,1,0,-0.1565727994113555,low
P01049,0,1,0,-0.16508100813688598,low
P01050,0,1,0,-0.201576769086326,low
P01051,0,1,0,-0.20649620523951384,low
P01052,0,1,0,-0.16869320553600725,low
P01053,0,1,0,-0.1794540587822006,low
P01054,0,1,0,-0.16946969403356849,low
P01055,0,1,0,-0.1766694625214879,low
P01056,0,1,0,-0.20213313377823977,low
P01057,0,1,0,-0.14751511314810373,low
P01058,0,1,0,-0.1985467725264306,low
P01059,0,1,0,-0.16957452631356562,low
P01060,0,1,0,-0.19324751091096365,low
P01061,0,1,0,-0.07920163253672396,medium
P01062,0,1,0,-0.20100916888920106,low
P01063,0,1,0,-0.20986549749018263,low
P01064,0,1,0,-0.1608169381887276,low
P01065,0,1,0,-0.15630669900008654,low
P01066,0,1,0,-0.1589118054171748,low
P01067,0,1,0,-0.1444164512361108,low
P01068,0,1,0,-0.10962638582328471,low
P01069,0,1,0,-0.1935630451576813,low
P01070,0,1,0,-0.1920110134951175,low
P01071,0,1,0,-0.17749298007617614,low
P01072,0,1,0,-0.20812666610635794,low
P01073,0,1,0,-0.1724365743093345,low
P01074,0,1,0,-0.13851483740760884,low
P01075,0,1,0,-0.1319427127374685,low
P01076,0,1,0,-0.18400351598039077,low
P01077,0,1,0,-0.19031119729709178,low
P01078,0,1,0,-0.18032851893452345,low
P01079,0,1,0,-0.20902832756366674,low
P01080,0,1,0,-0.17337107267403878,low
P01081,0,1,0,-0.201396405026335,low
P01082,0,1,0,-0.06654848200757535,medium
P01083,0,1,0,-0.1046061452198902,low
P01084,0,1,0,-0.16622940026587518,low
P01085,0,1,0,-0.2017197163635045,low
P01086,0,1,0,-0.11722263823611212,low
P01087,0,1,0,-0.1933782927640535,low
P01088,0,1,0,-0.2047648906059069,low
P01089,0,1,0,-0.0964812987687304,low
P01090,0,1,0,-0.21047249082147151,low
P01091,0,1,0,-0.14864277624244793,low
P01092,0,1,0,-0.17733896391265375,low
P01093,0,1,0,-0.16567317831489642,low
P01094,1,-1,1,0.030328341397090286,high
P01095,1,-1,1,0.01757610064550119,high
P01096,0,1,0,-0.14498246457591601,low
P01097,0,1,0,-0.16604087851283106,low
P01098,0,1,0,-0.1991218054878281,low
P01099,0,1,0,-0.052625454808589156,medium
P01100,0,1,0,-0.1960421958938346,low
P01101,1,-1,1,0.012483855663947607,high
P01102,0,1,0,-0.2104625632531198,low
P01103,0,1,0,-0.15126360213192663,low
P01104,0,1,0,-0.19749362058230924,low
P01105,0,1,0,-0.19798001626947553,low
P01106,0,1,0,-0.18687931915056266,low
P01107,0,1,0,-0.1989486973805989,low
P01108,0,1,0,-0.20291732451595446,low
P01109,0,1,0,-0.18007030965308052,low
P01110,0,1,0,-0.16361986860019873,low
P01111,0,1,0,-0.12124218096775696,low
P01112,0,1,0,-0.15811196046348996,low
P01113,0,1,0,-0.1828423244159998,low
P01114,0,1,0,-0.1536528735451987,low
P01115,0,1,0,-0.19239288866245535,low
P01116,0,1,0,-0.2010454396813044,low
P01117,0,1,0,-0.20179921708641158,low
P01118,0,1,0,-0.19157089175157566,low
P01119,0,1,0,-0.13459735896282526,low
P01120,1,-1,1,0.06917427972648604,high
P01121,0,1,0,-0.19680279452801197,low
P01122,0,1,0,-0.10978154283166769,low
P01123,0,1,0,-0.14765359903172237,low
P01124,0,1,0,-0.15774443890635342,low
P01125,0,1,0,-0.1545639596877348,low
P01126,0,1,0,-0.11840751090307017,low
P01127,0,1,0,-0.12083976616358927,low
P01128,0,1,0,-0.16316010554621102,low
P01129,0,1,0,-0.21069834699694995,low
P01130,0,1,0,-0.12195330494584167,low
P01131,0,1,0,-0.1639672519531883,low
P01132,0,1,0,-0.03475636040332497,medium
P01133,0,1,0,-0.13291006156674035,low
P01134,0,1,0,-0.18010162712226818,low
P01135,0,1,0,-0.21152352886629638,low
P01136,0,1,0,-0.07106871617584654,medium
P01137,0,1,0,-0.04609091407042476,medium
P01138,0,1,0,-0.07469893455527887,medium
P01139,0,1,0,-0.09589373234635212,low
P01140,0,1,0,-0.18386657426972997,low
P01141,0,1,0,-0.19345458396798176,low
P01142,0,1,0,-0.1141433780684451,low
P01143,0,1,0,-0.09585912905393296,low
P01144,1,-1,1,0.035510301381703524,high
P01145,0,1,0,-0.14367451134261888,low
P01146,1,-1,1,0.025603904150054313,high
P01147,0,1,0,-0.13630673422593076,low
P01148,0,1,0,-0.15936516243414228,low
P01149,0,1,0,-0.18099700323314355,low
P01150,0,1,0,-0.1351899520134282,low
P01151,0,1,0,-0.16401890644551648,low
P01152,0,1,0,-0.15382771777351362,low
P01153,0,1,0,-0.17585071929051488,low
P01154,1,-1,1,0.04520902804971649,high
P01155,0,1,0,-0.18309248973950404,low
P01156,0,1,0,-0.18424591961295206,low
P01157,0,1,0,-0.1548072306656595,low
P01158,0,1,0,-0.1860674838471958,low
P01159,0,1,0,-0.13192893721008214,low
P01160,0,1,0,-0.1778036753629854,low
P01161,0,1,0,-0.1749514257361628,low
P01162,0,1,0,-0.1901546075856702,low
P01163,0,1,0,-0.18863605701644337,low
P01164,0,1,0,-0.17221170048812812,low
P01165,0,1,0,-0.10800563375886574,low
P01166,0,1,0,-0.07054566489961733,medium
P01167,0,1,0,-0.16535043441048108,low
P01168,0,1,0,-0.09072244186632483,medium
P01169,0,1,0,-0.18316385992035444,low
P01170,0,1,0,-0.08426523113086576,medium
P01171,0,1,0,-0.16193299407225537,low
P01172,0,1,0,-0.13165378928304272,low
P01173,0,1,0,-0.21776736851296608,low
P01174,0,1,0,-0.18783677297593881,low
P01175,0,1,0,-0.2028726994557536,low
P01176,0,1,0,-0.19252807985173204,low
P01177,0,1,0,-0.18270203960292863,low
P01178,0,1,0,-0.06598972145414661,medium
P01179,0,1,0,-0.1968759035995885,low
P01180,0,1,0,-0.16217712007157675,low
P01181,0,1,0,-0.18393577852110965,low
P01182,0,1,0,-0.14933410071161507,low
P01183,0,1,0,-0.18928536477265162,low
P01184,0,1,0,-0.17437213327928958,low
P01185,0,1,0,-0.16796609171745952,low
P01186,0,1,0,-0.2083338759350964,low
P01187,0,1,0,-0.20225369598779253,low
P01188,0,1,0,-0.1956474540068605,low
P01189,0,1,0,-0.2019301330848518,low
P01190,0,1,0,-0.1479147199298021,low
P01191,0,1,0,-0.17759978115145447,low
P01192,0,1,0,-0.1845971628171404,low
P01193,0,1,0,-0.0912677736885954,medium
P01194,0,1,0,-0.1800038701321764,low
P01195,0,1,0,-0.007630571189021662,medium
P01196,0,1,0,-0.2021671513857195,low
P01197,0,1,0,-0.12871301858713308,low
P01198,1,1,0,-0.011784547053445893,medium
P01199,0,1,0,-0.177832589638189,low
P01200,0,1,0,-0.15003360534744226,low
P01201,0,1,0,-0.1294207877194511,low
P01202,0,1,0,-0.16571171538921942,low
P01203,0,1,0,-0.20951652888795902,low
P01204,0,1,0,-0.1874981741475043,low
P01205,0,1,0,-0.08080344264689332,medium
P01206,0,1,0,-0.1996112328153381,low
P01207,0,1,0,-0.12965161312140477,low
P01208,0,-1,1,0.005467738658503696,high
P01209,0,1,0,-0.217588281081615,low
P01210,0,1,0,-0.13325706297068035,low
P01211,0,1,0,-0.03816342259844496,medium
P01212,0,1,0,-0.19304047704043092,low
P01213,0,1,0,-0.11664607165231883,low
P01214,0,1,0,-0.20711667745144846,low
P01215,0,1,0,-0.15091578265345323,low
P01216,0,1,0,-0.1983538509354162,low
P01217,0,1,0,-0.06933171053920295,medium
P01218,0,1,0,-0.19491068079774176,low
P01219,0,1,0,-0.21110082823748827,low
P01220,0,1,0,-0.13482686576709457,low
P01221,0,1,0,-0.17597603135251816,low
P01222,0,1,0,-0.09191931414161103,medium
P01223,0,1,0,-0.18674370593702538,low
P01224,0,1,0,-0.17867703786040107,low
P01225,0,1,0,-0.17331232727699591,low
P01226,0,1,0,-0.21854863573701272,low
P01227,0,1,0,-0.12498627457183109,low
P01228,0,1,0,-0.17958330810731798,low
P01229,0,1,0,-0.11652612370498333,low
P01230,0,1,0,-0.20689138040619293,low
P01231,0,1,0,-0.07661431248985728,medium
P01232,0,1,0,-0.18065171508185424,low
P01233,1,-1,1,0.017968300376245194,high
P01234,0,1,0,-0.20442481682560498,low
P01235,0,1,0,-0.21009532763868477,low
P01236,0,1,0,-0.17692944902448565,low
P01237,0,1,0,-0.16018568495705127,low
P01238,0,1,0,-0.18806602524827765,low
P01239,0,1,0,-0.18485850110619878,low
P01240,0,1,0,-0.16196419725759004,low
P01241,0,1,0,-0.10043773478744328,low
P01242,0,1,0,-0.1430253323224136,low
P01243,0,1,0,-0.19565065854006308,low
P01244,1,-1,1,0.014021830861752016,high
P01245,0,1,0,-0.19872563101081492,low
P01246,1,-1,1,0.008377091602813747,high
P01247,0,1,0,-0.18660614180164187,low
P01248,0,1,0,-0.17811817294865778,low
P01249,0,1,0,-0.14280617911278515,low
P01250,0,1,0,-0.1808253269437215,low
P01251,0,1,0,-0.16748421524011425,low
P01252,0,1,0,-0.190015266971435,low
P01253,0,1,0,-0.21746073243066572,low
P01254,0,1,0,-0.18904503252220217,low
P01255,0,1,0,-0.16536459068218284,low
P01256,0,1,0,-0.12087919871099978,low
P01257,0,1,0,-0.17708234383071675,low
P01258,0,1,0,-0.195019771687805,low
P01259,0,1,0,-0.19789648487639783,low
P01260,0,1,0,-0.16870573651032023,low
P01261,0,1,0,-0.09993296515001548,low
P01262,0,1,0,-0.1897368396930163,low
P01263,0,1,0,-0.15883296356871573,low
P01264,0,1,0,-0.21637790313995958,low
P01265,0,1,0,-0.19411755570994504,low
P01266,0,1,0,-0.11755833950664313,low
P01267,0,1,0,-0.17462023915696157,low
P01268,0,1,0,-0.16973177651746024,low
P01269,0,1,0,-0.19528362495564922,low
P01270,0,1,0,-0.17950219590435007,low
P01271,0,1,0,-0.19325217705836062,low
P01272,0,1,0,-0.1984875355542745,low
P01273,0,1,0,-0.14762698045833827,low
P01274,0,1,0,-0.19416267422042033,low
P01275,0,1,0,-0.1950824258689972,low
P01276,0,1,0,-0.18616902896188053,low
P01277,0,1,0,-0.16747826570214452,low
P01278,0,1,0,-0.13083296525359805,low
P01279,0,1,0,-0.10130451557808229,low
P01280,0,1,0,-0.19559814333122444,low
P01281,0,1,0,-0.17993107032415462,low
P01282,0,1,0,-0.1684315559211188,low
P01283,0,1,0,-0.14944967998382752,low
P01284,0,1,0,-0.18244501712766048,low
P01285,0,1,0,-0.10817527799569077,low
P01286,0,1,0,-0.17564656351986097,low
P01287,0,1,0,-0.10890756679221253,low
P01288,0,1,0,-0.1897315731887136,low
P01289,0,1,0,-0.1876856469578409,low
P01290,1,1,0,-0.009736870626782301,medium
P01291,0,1,0,-0.16753633215281405,low
P01292,0,1,0,-0.20030561326881802,low
P01293,0,1,0,-0.12408659478847434,low
P01294,0,1,0,-0.1984331987050642,low
P01295,0,-1,1,0.03452153093707677,high
P01296,0,1,0,-0.11933342690838772,low
P01297,0,1,0,-0.1691067308267799,low
P01298,0,1,0,-0.20603994063782727,low
P01299,0,1,0,-0.07829803303670602,medium
P01300,0,1,0,-0.12145169126477695,low
P01301,0,1,0,-0.20417371978064797,low
P01302,0,1,0,-0.16987011150315617,low
P01303,0,1,0,-0.12590294538721625,low
P01304,0,-1,1,0.0023404811578215945,high
P01305,0,1,0,-0.11234095463256288,low
P01306,0,1,0,-0.12676335445487513,low
P01307,0,1,0,-0.14119578578639452,low
P01308,0,1,0,-0.07781352717798773,medium
P01309,0,1,0,-0.2173015785081463,low
P01310,0,1,0,-0.1710459049380355,low
P01311,0,1,0,-0.21024529032969752,low
P01312,0,1,0,-0.14655527069900726,low
P01313,0,1,0,-0.14450391779089855,low
P01314,0,1,0,-0.14616681896284572,low
P01315,0,1,0,-0.1637039687591459,low
P01316,0,1,0,-0.18531765626880886,low
P01317,1,-1,1,0.049440931835865065,high
P01318,0,1,0,-0.1306468557079884,low
P01319,0,1,0,-0.08906850728508658,medium
P01320,0,1,0,-0.08033884565123117,medium
P01321,0,1,0,-0.15954262662072372,low
P01322,0,1,0,-0.12146102882749643,low
P01323,0,1,0,-0.15856866013991305,low
P01324,0,1,0,-0.19499653276081313,low
P01325,0,1,0,-0.1727612800297354,low
P01326,0,1,0,-0.19633267979038987,low
P01327,0,1,0,-0.1969099012722771,low
P01328,0,1,0,-0.20397541153528043,low
P01329,0,1,0,-0.1861326150378727,low
P01330,0,1,0,-0.1342034243191444,low
P01331,1,-1,1,0.01727163688895761,high
P01332,1,-1,1,0.11006383213743254,high
P01333,0,1,0,-0.14768860958559082,low
P01334,0,1,0,-0.18754626838347832,low
P01335,0,1,0,-0.1514276229766936,low
P01336,0,1,0,-0.08095386906604429,medium
P01337,0,1,0,-0.11627670030317439,low
P01338,0,1,0,-0.17439533802835983,low
P01339,0,1,0,-0.19645389873755398,low
P01340,0,-1,1,0.010563616825923994,high
P01341,1,-1,1,0.0048145927506025865,high
P01342,0,1,0,-0.2046195298097474,low
P01343,0,1,0,-0.1677182134625283,low
P01344,0,-1,1,0.016850713213846236,high
P01345,0,1,0,-0.19462297142899676,low
P01346,0,1,0,-0.19377117887665746,low
P01347,0,1,0,-0.21240581713836315,low
P01348,0,1,0,-0.1308121460514292,low
P01349,0,1,0,-0.21659620498800436,low
P01350,0,1,0,-0.038192329896230226,medium
P01351,0,1,0,-0.18454759760052586,low
P01352,0,1,0,-0.1949026325061366,low
P01353,1,-1,1,0.012644860544041348,high
P01354,0,1,0,-0.15944538655124385,low
P01355,0,1,0,-0.20802978655200643,low
P01356,0,1,0,-0.1415937391438094,low
P01357,0,1,0,-0.13866834946030943,low
P01358,0,1,0,-0.21275520238869838,low
P01359,0,1,0,-0.16175136242934818,low
P01360,0,1,0,-0.12766876709558883,low
P01361,0,1,0,-0.13901276559107417,low
P01362,1,-1,1,0.035580984943173743,high
P01363,0,1,0,-0.17317364137165442,low
P01364,0,1,0,-0.15768771226760114,low
P01365,0,1,0,-0.1798976493766537,low
P01366,0,1,0,-0.08392113216186864,medium
P01367,0,1,0,-0.18592402456650642,low
P01368,0,1,0,-0.19927899522157494,low
P01369,0,1,0,-0.16959064465215556,low
P01370,0,1,0,-0.1580059267417756,low
P01371,0,1,0,-0.1395500095399595,low
P01372,0,1,0,-0.15083622147747255,low
P01373,0,1,0,-0.14190258412789297,low
P01374,0,1,0,-0.13302751268809643,low
P01375,0,1,0,-0.11831944719239595,low
P01376,0,1,0,-0.20338554925940472,low
P01377,0,1,0,-0.17378042223244744,low
P01378,0,1,0,-0.18422996719477563,low
P01379,0,1,0,-0.12348634873667391,low
P01380,0,1,0,-0.08426576950291498,medium
P01381,0,1,0,-0.18678955911720652,low
P01382,0,1,0,-0.16345356044280795,low
P01383,0,1,0,-0.2088736948014805,low
P01384,0,1,0,-0.18112808651613804,low
P01385,0,1,0,-0.16338958421111388,low
P01386,0,1,0,-0.13412669826801005,low
P01387,0,1,0,-0.08288059538880321,medium
P01388,0,1,0,-0.12366338980361874,low
P01389,0,1,0,-0.1256855635537089,low
P01390,0,1,0,-0.15942580153829744,low
P01391,0,1,0,-0.16736245553020296,low
P01392,0,1,0,-0.20345394141052292,low
P01393,0,1,0,-0.16266269780299103,low
P01394,0,1,0,-0.12752743320324628,low
P01395,0,1,0,-0.1706091607216545,low
P01396,0,1,0,-0.17046883292948822,low
P01397,0,1,0,-0.20446094856538088,low
P01398,0,1,0,-0.18168927105393462,low
P01399,0,1,0,-0.20795973660818967,low
P01400,1,-1,1,0.006071835585884533,high
P01401,0,1,0,-0.11937917794746483,low
P01402,0,1,0,-0.15819137877420647,low
P01403,0,1,0,-0.1613105289245243,low
P01404,0,1,0,-0.16749304880353455,low
P01405,0,1,0,-0.19315690990552986,low
P01406,0,1,0,-0.09264647342992915,medium
P01407,0,1,0,-0.18019524797133124,low
P01408,0,1,0,-0.19322216490244443,low
P01409,0,1,0,-0.11458890348870743,low
P01410,0,1,0,-0.1430238179194145,low
P01411,1,-1,1,0.003894996104468862,high
P01412,0,1,0,-0.20225076169362521,low
P01413,0,1,0,-0.09270172025516604,medium
P01414,0,1,0,-0.1575198347722639,low
P01415,0,1,0,-0.15113878891312332,low
P01416,0,1,0,-0.12994685899709119,low
P01417,0,1,0,-0.20345224080600754,low
P01418,0,1,0,-0.1396312998514943,low
P01419,0,1,0,-0.09089719214954028,medium
P01420,0,1,0,-0.09332832607085856,medium
P01421,0,1,0,-0.20218237139667683,low
P01422,0,1,0,-0.1732465891631908,low
P01423,0,1,0,-0.20638076580811004,low
P01424,0,1,0,-0.19925308652539564,low
P01425,0,1,0,-0.20656814604141616,low
P01426,0,-1,1,0.03408049002786184,high
P01427,0,1,0,-0.15739561154085613,low
P01428,0,1,0,-0.12083373764560418,low
P01429,0,1,0,-0.09505925633877016,low
P01430,0,1,0,-0.21779455961223404,low
P01431,0,1,0,-0.17035593661192105,low
P01432,0,1,0,-0.17860141019415432,low
P01433,0,1,0,-0.134893168356307,low
P01434,0,1,0,-0.1693253064613207,low
P01435,0,1,0,-0.17524520954721934,low
P01436,0,1,0,-0.17667255892867761,low
P01437,0,1,0,-0.20748500053523705,low
P01438,0,1,0,-0.1094587436363354,low
P01439,0,1,0,-0.050743222890080264,medium
P01440,0,1,0,-0.1987474012633874,low
P01441,0,1,0,-0.19726589125460892,low
P01442,0,1,0,-0.21442393810471105,low
P01443,0,1,0,-0.196565498281343,low
P01444,0,1,0,-0.02629672167918007,medium
P01445,0,1,0,-0.16991918360732572,low
P01446,0,1,0,-0.028287938783925104,medium
P01447,0,1,0,-0.21025644325269854,low
P01448,0,1,0,-0.01532023188142062,medium
P01449,0,1,0,-0.03790330162252609,medium
P01450,0,1,0,-0.18461881725538654,low
P01451,0,1,0,-0.19085123424607697,low
P01452,0,1,0,-0.17394090496039377,low
P01453,0,1,0,-0.04110055013135183,medium
P01454,0,1,0,-0.19887228513104993,low
P01455,0,1,0,-0.19881829533466305,low
P01456,0,1,0,-0.11494238696026943,low
P01457,0,1,0,-0.20626567453314837,low
P01458,0,1,0,-0.11551577665304719,low
P01459,1,1,0,-1.9141538633027366e-06,medium
P01460,0,1,0,-0.19694393940647564,low
P01461,0,1,0,-0.13764118466760816,low
P01462,0,1,0,-0.17033892904618986,low
P01463,0,1,0,-0.06299018943720958,medium
P01464,0,1,0,-0.1339302610712782,low
P01465,0,1,0,-0.11116900772302057,low
P01466,0,1,0,-0.180148349735527,low
P01467,0,1,0,-0.1984023202851688,low
P01468,0,1,0,-0.13094927442490578,low
P01469,0,1,0,-0.17229393209827476,low
P01470,0,1,0,-0.21911815958713382,low
P01471,0,1,0,-0.20339318078535185,low
P01472,0,1,0,-0.17325445479267376,low
P01473,0,1,0,-0.14489555217362898,low
P01474,0,1,0,-0.13049358349401496,low
P01475,0,1,0,-0.1676185701284505,low
P01476,0,1,0,-0.1636803188283517,low
P01477,0,1,0,-0.10532784970320408,low
P01478,0,1,0,-0.11580563304357494,low
P01479,0,1,0,-0.18429301406836807,low
P01480,0,1,0,-0.13987657319636948,low
P01481,0,1,0,-0.14015709853245883,low
P01482,0,1,0,-0.19019257313379617,low
P01483,0,1,0,-0.17652572925358512,low
P01484,0,1,0,-0.19038536003343626,low
P01485,0,1,0,-0.18319059030966578,low
P01486,0,1,0,-0.15332119673921618,low
P01487,0,1,0,-0.20537714063818263,low
P01488,0,1,0,-0.16357870610008024,low
P01489,0,1,0,-0.15310416201183646,low
P01490,1,-1,1,0.0078118275056660025,high
P01491,0,1,0,-0.10629944249420514,low
P01492,0,1,0,-0.20503509924964497,low
P01493,0,1,0,-0.19976393208082915,low
P01494,0,1,0,-0.03583520595242928,medium
P01495,0,1,0,-0.1765710776577759,low
P01496,0,1,0,-0.2070629942578836,low
P01497,0,1,0,-0.16638127629373634,low
P01498,0,1,0,-0.10656044068714315,low
P01499,0,1,0,-0.18803113909236063,low
P01500,0,1,0,-0.19625546467141392,low
P01501,0,1,0,-0.209252267013585,low
P01502,0,1,0,-0.18304579063333137,low
P01503,0,1,0,-0.20108085269803055,low
P01504,1,-1,1,0.039434956414894584,high
P01505,0,1,0,-0.18810321279700054,low
P01506,1,-1,1,0.06081617826046437,high
P01507,0,1,0,-0.16542655964417535,low
P01508,0,1,0,-0.20173101551597244,low
P01509,0,1,0,-0.16084275568333795,low
P01510,0,1,0,-0.09918404620263338,low
P01511,0,1,0,-0.036974983648372484,medium
P01512,0,1,0,-0.20752469337373186,low
P01513,0,1,0,-0.20655270959243116,low
P01514,0,1,0,-0.18144746913209192,low
P01515,0,1,0,-0.1265441250752683,low
P01516,0,1,0,-0.20415043671686234,low
P01517,0,1,0,-0.19897072771249547,low
P01518,0,1,0,-0.1803415152531277,low
P01519,0,1,0,-0.0897045229386862,medium
P01520,0,-1,1,0.011374645571037845,high
P01521,0,1,0,-0.19089893503896077,low
P01522,0,1,0,-0.19927941048366948,low
P01523,0,1,0,-0.19751855572643134,low
P01524,0,1,0,-0.12814966511579406,low
P01525,0,1,0,-0.14670001942601513,low
P01526,0,1,0,-0.1530566973071169,low
P01527,0,1,0,-0.13690853737467723,low
P01528,0,1,0,-0.15632846405681355,low
P01529,1,-1,1,0.053514651457763684,high
P01530,0,1,0,-0.127469927087077,low
P01531,0,1,0,-0.19784129245196963,low
P01532,0,1,0,-0.05302718507815685,medium
P01533,0,1,0,-0.16487098145482365,low
P01534,0,1,0,-0.15192958108596627,low
P01535,0,1,0,-0.19972701863860365,low
P01536,0,1,0,-0.14174872250684523,low
P01537,0,1,0,-0.06424808779719093,medium
P01538,0,1,0,-0.17807896840629722,low
P01539,0,1,0,-0.11176951998924539,low
P01540,0,1,0,-0.1670435416247913,low
P01541,0,1,0,-0.18952593130632422,low
P01542,0,1,0,-0.19632746871955586,low
P01543,0,1,0,-0.15411856734207607,low
P01544,0,1,0,-0.19085313189151337,low
P01545,0,1,0,-0.10011843937673875,low
P01546,0,1,0,-0.1880648717708886,low
P01547,0,1,0,-0.15460082511391,low
P01548,0,1,0,-0.16053509428004403,low
P01549,0,1,0,-0.18405802486433992,low
P01550,0,1,0,-0.19833803731195548,low
P01551,0,1,0,-0.18460802395464593,low
P01552,0,1,0,-0.14892282646011495,low
P01553,0,1,0,-0.16178566444508702,low
P01554,0,1,0,-0.1946460917095803,low
P01555,0,1,0,-0.12269985671458827,low
P01556,0,1,0,-0.20623317638435523,low
P01557,0,1,0,-0.1539189978188294,low
P01558,0,1,0,-0.17728271197380036,low
P01559,0,1,0,-0.13605760805800515,low
P01560,0,1,0,-0.011748410242066076,medium
P01561,0,1,0,-0.19799360338485072,low
P01562,0,1,0,-0.1501972270190448,low
P01563,0,1,0,-0.19381677226678773,low
P01564,0,1,0,-0.053156357340959914,medium
P01565,0,1,0,-0.19433871683418502,low
P01566,0,1,0,-0.2052830521808331,low
P01567,0,1,0,-0.162107989029101,low
P01568,0,1,0,-0.2161807642091365,low
P01569,0,1,0,-0.16356423696167688,low
P01570,0,1,0,-0.07933460066909126,medium
P01571,0,1,0,-0.16471317272552577,low
P01572,0,1,0,-0.006714162108271249,medium
P01573,0,1,0,-0.10257151832901246,low
P01574,0,1,0,-0.19463446877694718,low
P01575,0,1,0,-0.1557304027039687,low
P01576,0,1,0,-0.1956078994481743,low
P01577,0,1,0,-0.20933061237225903,low
P01578,0,1,0,-0.1975904105622473,low
P01579,0,1,0,-0.19252444788638706,low
P01580,0,1,0,-0.18241094677971975,low
P01581,0,1,0,-0.08922275824739806,medium
P01582,0,1,0,-0.1358118138846321,low
P01583,0,1,0,-0.12040531043722913,low
P01584,0,1,0,-0.19929102456280545,low
P01585,0,1,0,-0.1879841598461554,low
P01586,0,1,0,-0.1871794560916603,low
P01587,0,1,0,-0.10051790029662372,low
P01588,0,1,0,-0.1518930312045988,low
P01589,0,1,0,-0.15100056320748978,low
P01590,0,1,0,-0.1738001704148574,low
P01591,0,1,0,-0.12080639299502749,low
P01592,0,1,0,-0.20851446562477766,low
P01593,0,1,0,-0.1415126177122087,low
P01594,0,1,0,-0.17534440771215054,low
P01595,0,1,0,-0.09910024524006766,low
P01596,0,1,0,-0.16871958616327382,low
P01597,0,1,0,-0.17511382618660137,low
P01598,0,1,0,-0.20461554209535393,low
P01599,0,1,0,-0.10252343984303669,low
P01600,0,1,0,-0.20393073835731446,low
P01601,0,1,0,-0.15690702025489545,low
P01602,0,1,0,-0.15458816968871103,low
P01603,0,1,0,-0.20024088907904425,low
P01604,0,1,0,-0.1746222726337895,low
P01605,0,1,0,-0.15663742572470046,low
P01606,0,1,0,-0.0523878823358217,medium
P01607,0,1,0,-0.14179051916068924,low
P01608,0,1,0,-0.13042235407791514,low
P01609,0,1,0,-0.20560361181176806,low
P01610,0,1,0,-0.025860305422389707,medium
P01611,0,1,0,-0.18152087920736693,low
P01612,0,1,0,-0.15322415654911758,low
P01613,0,1,0,-0.19540770907418847,low
P01614,0,1,0,-0.191692046053065,low
P01615,0,1,0,-0.1889862667841526,low
P01616,0,1,0,-0.1597633062838858,low
P01617,0,1,0,-0.19549272653061162,low
P01618,0,1,0,-0.18666454818056766,low
P01619,0,1,0,-0.1996811904770205,low
P01620,0,1,0,-0.20949442559820508,low
P01621,0,1,0,-0.14034382325535405,low
P01622,0,1,0,-0.12212028491589999,low
P01623,0,1,0,-0.2096767249245874,low
P01624,0,1,0,-0.19458428636009523,low
P01625,0,1,0,-0.17438218579353887,low
P01626,0,1,0,-0.10629886403424366,low
P01627,0,1,0,-0.17263108755448903,low
P01628,0,1,0,-0.11794051505027564,low
P01629,0,1,0,-0.03600201533876912,medium
P01630,0,1,0,-0.030114305441449996,medium
P01631,0,1,0,-0.12870041542068839,low
P01632,0,1,0,-0.1844366028306354,low
P01633,0,1,0,-0.19043773233375166,low
P01634,0,1,0,-0.19980546155766182,low
P01635,0,1,0,-0.18766783125891473,low
P01636,0,1,0,-0.16611242619048178,low
P01637,0,1,0,-0.19722655618536183,low
P01638,0,1,0,-0.1666904399357957,low
P01639,0,1,0,-0.09778170933142066,low
P01640,0,1,0,-0.17229858666471848,low
P01641,0,1,0,-0.19404429892416325,low
P01642,0,1,0,-0.003772141205664159,medium
P01643,0,1,0,-0.12862775973157858,low
P01644,0,1,0,-0.1770680748103805,low
P01645,0,1,0,-0.1865210532159512,low
P01646,0,1,0,-0.11999181021695376,low
P01647,0,1,0,-0.1320529765899997,low
P01648,0,1,0,-0.21550051641560314,low
P01649,0,1,0,-0.15092038069620628,low
P01650,0,1,0,-0.19628332855562602,low
P01651,0,1,0,-0.1979281844392231,low
P01652,0,1,0,-0.12687887461253022,low
P01653,0,1,0,-0.2071013520771614,low
P01654,0,1,0,-0.18702280702173962,low
P01655,0,1,0,-0.1742173587382363,low
P01656,0,1,0,-0.19848283280159357,low
P01657,0,1,0,-0.1410510803069091,low
P01658,0,1,0,-0.21600465509010552,low
P01659,0,1,0,-0.14878424835327247,low
P01660,1,-1,1,0.04555333815410423,high
P01661,0,1,0,-0.16077024762550235,low
P01662,0,1,0,-0.04885052262073397,medium
P01663,0,1,0,-0.1917419765032921,low
P01664,0,1,0,-0.1831927766462762,low
P01665,0,1,0,-0.14006617560561418,low
P01666,0,1,0,-0.09610407650063951,low
P01667,0,1,0,-0.0876341617476229,medium
P01668,0,1,0,-0.08195077720110766,medium
P01669,0,1,0,-0.08003303066570178,medium
P01670,0,1,0,-0.17332153183066634,low
P01671,0,1,0,-0.18841175571913815,low
P01672,0,1,0,-0.18391310216235157,low
P01673,0,1,0,-0.17618435892245948,low
P01674,0,1,0,-0.1687605794828977,low
P01675,1,1,0,-0.008008480879319935,medium
P01676,0,1,0,-0.16183366339338895,low
P01677,0,1,0,-0.1805867744843127,low
P01678,0,1,0,-0.13375190766873662,low
P01679,0,1,0,-0.15350927954246552,low
P01680,0,1,0,-0.14762656482917347,low
P01681,0,1,0,-0.10624933938276881,low
P01682,0,1,0,-0.21038761703080983,low
P01683,0,1,0,-0.17490329100413843,low
P01684,0,1,0,-0.17974468926372,low
P01685,0,1,0,-0.1022877795330302,low
P01686,0,1,0,-0.16010963937568412,low
P01687,0,1,0,-0.20342909875570492,low
P01688,0,1,0,-0.2027760311208021,low
P01689,0,1,0,-0.20308772731382546,low
P01690,0,1,0,-0.12249501716041844,low
P01691,0,1,0,-0.20592666273009352,low
P01692,0,1,0,-0.1788998365434793,low
P01693,0,1,0,-0.20581859406013575,low
P01694,0,1,0,-0.21658172628245864,low
P01695,0,1,0,-0.08422930513977478,medium
P01696,0,1,0,-0.20433181705306785,low
P01697,0,1,0,-0.1395014585000544,low
P01698,0,1,0,-0.19902972629270854,low
P01699,0,1,0,-0.10471377973924073,low
P01700,0,1,0,-0.03065254858513977,medium
P01701,0,1,0,-0.17934449088516247,low
P01702,0,1,0,-0.14035119958981773,low
P01703,0,1,0,-0.18265353919461202,low
P01704,0,1,0,-0.182856673618412,low
P01705,1,-1,1,0.011024837417562439,high
P01706,0,1,0,-0.17631795862951194,low
P01707,0,1,0,-0.18030745416634913,low
P01708,0,1,0,-0.1311724041151346,low
P01709,0,1,0,-0.19129762965882002,low
P01710,0,1,0,-0.19699806053865787,low
P01711,0,1,0,-0.16332431188340285,low
P01712,0,1,0,-0.18774152387339388,low
P01713,0,1,0,-0.1735311999157828,low
P01714,0,1,0,-0.17175606929619508,low
P01715,0,1,0,-0.19035893370777968,low
P01716,0,1,0,-0.1612937156620381,low
P01717,0,1,0,-0.1908283847640288,low
P01718,0,-1,1,0.029577209696433848,high
P01719,0,1,0,-0.06959222167861723,medium
P01720,0,1,0,-0.16590220449813414,low
P01721,0,1,0,-0.12354934784308874,low
P01722,1,1,0,-0.0007082308081352018,medium
P01723,0,1,0,-0.08474596387757338,medium
P01724,0,1,0,-0.2075028017252034,low
P01725,0,1,0,-0.1890645190198818,low
P01726,0,1,0,-0.10492192724166255,low
P01727,0,1,0,-0.19245852592319107,low
P01728,0,1,0,-0.19569427455213317,low
P01729,0,1,0,-0.2141377377958007,low
P01730,0,1,0,-0.20404397737237828,low
P01731,0,1,0,-0.19025817719841226,low
P01732,0,1,0,-0.18464144113007885,low
P01733,0,1,0,-0.19829472626106426,low
P01734,0,1,0,-0.13525067013455616,low
P01735,0,1,0,-0.19949286783272896,low
P01736,0,1,0,-0.11582462888430023,low
P01737,0,1,0,-0.21252780146603967,low
P01738,0,1,0,-0.1914591864422922,low
P01739,0,1,0,-0.14057855318873713,low
P01740,0,1,0,-0.203375829614366,low
P01741,0,1,0,-0.1956704918940146,low
P01742,0,1,0,-0.1558035171286612,low
P01743,0,1,0,-0.14650290641427327,low
P01744,0,1,0,-0.14833464278350883,low
P01745,0,1,0,-0.20133313934467534,low
P01746,0,1,0,-0.21237398938747043,low
P01747,0,1,0,-0.19216730005246796,low
P01748,0,1,0,-0.1265714443137167,low
P01749,0,1,0,-0.21078989886245142,low
P01750,0,1,0,-0.1921662166164863,low
P01751,0,1,0,-0.20919678908128359,low
P01752,0,1,0,-0.19321770473125022,low
P01753,0,1,0,-0.19504461095433084,low
P01754,0,1,0,-0.16522320925379302,low
P01755,0,1,0,-0.19650958959596498,low
P01756,0,1,0,-0.13840197867232867,low
P01757,0,1,0,-0.19116001567443353,low
P01758,0,1,0,-0.10371106806399966,low
P01759,0,1,0,-0.13313438553689966,low
P01760,0,1,0,-0.19225084467063785,low
P01761,0,1,0,-0.2042059821700946,low
P01762,0,1,0,-0.05048054017439885,medium
P01763,0,1,0,-0.15468015081237418,low
P01764,0,1,0,-0.13366596223511262,low
P01765,0,1,0,-0.11641429577706375,low
P01766,0,1,0,-0.13051962878360118,low
P01767,0,1,0,-0.18749987864305828,low
P01768,0,1,0,-0.17875123233727203,low
P01769,0,1,0,-0.12486001572761918,low
P01770,0,1,0,-0.18341144207283921,low
P01771,0,1,0,-0.1990379286853342,low
P01772,0,1,0,-0.16702695295385667,low
P01773,0,1,0,-0.20276916068755535,low
P01774,0,1,0,-0.19466069594392338,low
P01775,0,1,0,-0.11795736286275627,low
P01776,0,1,0,-0.15400408694408158,low
P01777,0,1,0,-0.18404333902110237,low
P01778,0,1,0,-0.12811338532650368,low
P01779,0,1,0,-0.1895912287319219,low
P01780,0,1,0,-0.1798956204699671,low
P01781,0,1,0,-0.200765337938277,low
P01782,0,1,0,-0.19478523494770028,low
P01783,1,-1,1,0.01897609498685826,high
P01784,0,1,0,-0.009554363772845686,medium
P01785,1,-1,1,0.024028484077778467,high
P01786,0,1,0,-0.18263118904722175,low
P01787,0,1,0,-0.1928632524863459,low
P01788,0,1,0,-0.1130202311580244,low
P01789,0,1,0,-0.13765126309024833,low
P01790,0,1,0,-0.12512919906436892,low
P01791,0,1,0,-0.21194788358787514,low
P01792,0,1,0,-0.21193377229617172,low
P01793,0,1,0,-0.15184869825106584,low
P01794,0,1,0,-0.1797392320920434,low
P01795,0,1,0,-0.19677118761442197,low
P01796,0,1,0,-0.06250756989620743,medium
P01797,0,1,0,-0.21001120103281606,low
P01798,0,1,0,-0.20149345435286153,low
P01799,0,1,0,-0.17172423254976438,low
P01800,0,1,0,-0.13844754849603275,low
P01801,0,1,0,-0.10669718109023707,low
P01802,0,1,0,-0.134407055556868,low
P01803,0,1,0,-0.20078157308530825,low
P01804,0,1,0,-0.18547245503901066,low
P01805,0,1,0,-0.14205871210427978,low
P01806,0,1,0,-0.20990602564574712,low
P01807,0,1,0,-0.18415971639375217,low
P01808,0,1,0,-0.18440874864089507,low
P01809,0,1,0,-0.18994901772361705,low
P01810,0,1,0,-0.15957640314695537,low
P01811,0,1,0,-0.18122612849164954,low
P01812,0,1,0,-0.16942754490043965,low
P01813,0,1,0,-0.1451346128250251,low
P01814,0,1,0,-0.18471806095958887,low
P01815,0,1,0,-0.18068859092646333,low
P01816,0,1,0,-0.14987275418490015,low
P01817,0,1,0,-0.16946325401713563,low
P01818,0,1,0,-0.1915435256871894,low
P01819,0,1,0,-0.1974531816036697,low
P01820,1,-1,1,0.0069340400028564675,high
P01821,0,1,0,-0.1999860064903285,low
P01822,0,1,0,-0.07411477925884546,medium
P01823,0,1,0,-0.11167269437929067,low
P01824,0,1,0,-0.1795569091727307,low
P01825,0,1,0,-0.13502619944234506,low
P01826,1,1,0,-0.012163939902730903,medium
P01827,0,1,0,-0.20231042394527876,low
P01828,0,1,0,-0.186016573414867,low
P01829,0,1,0,-0.15620335495876297,low
P01830,0,1,0,-0.19697875135099324,low
P01831,0,1,0,-0.16286475038924902,low
P01832,0,1,0,-0.10448759129570212,low
P01833,0,1,0,-0.19370496605977683,low
P01834,0,1,0,-0.1576668675610466,low
P01835,1,-1,1,0.04110335455894798,high
P01836,0,1,0,-0.1856212990692186,low
P01837,0,1,0,-0.1551102005475396,low
P01838,0,1,0,-0.18986391899143623,low
P01839,0,1,0,-0.20620305629542157,low
P01840,0,1,0,-0.13642474522334624,low
P01841,0,1,0,-0.17699934591306182,low
P01842,0,1,0,-0.16717894728961363,low
P01843,0,1,0,-0.15728760960162952,low
P01844,0,1,0,-0.18182352334444812,low
P01845,1,-1,1,0.004559519801625833,high
P01846,0,1,0,-0.17240840417105813,low
P01847,0,1,0,-0.16959736627674343,low
P01848,0,1,0,-0.20860118301615488,low
P01849,0,1,0,-0.21313901043184058,low
P01850,0,1,0,-0.16200840152287066,low
P01851,0,1,0,-0.17917514461238743,low
P01852,0,1,0,-0.14242541711121887,low
P01853,0,1,0,-0.17939592427544698,low
P01854,0,1,0,-0.18911333395581026,low
P01855,0,1,0,-0.14679930849327283,low
P01856,0,1,0,-0.18609820691367412,low
P01857,0,1,0,-0.1794978191705327,low
P01858,0,1,0,-0.19426981129310028,low
P01859,0,1,0,-0.18711083153331065,low
P01860,0,1,0,-0.1456574596833239,low
P01861,0,1,0,-0.20625468354173365,low
P01862,0,1,0,-0.20322356564050192,low
P01863,0,1,0,-0.20195565907172064,low
P01864,0,1,0,-0.18808434334964386,low
P01865,0,1,0,-0.18656222225444324,low
P01866,0,1,0,-0.15981841355715154,low
P01867,0,1,0,-0.19671018929789463,low
P01868,0,1,0,-0.1551908761446285,low
P01869,0,1,0,-0.18108861129576265,low
P01870,0,1,0,-0.20153965113187222,low
P01871,0,1,0,-0.20013606120069882,low
P01872,0,1,0,-0.1793028928868533,low
P01873,0,1,0,-0.1955265770622162,low
P01874,0,1,0,-0.1839959028039081,low
P01875,0,1,0,-0.17911699106156537,low
P01876,0,1,0,-0.16324189065551753,low
P01877,0,1,0,-0.16908639676228693,low
P01878,0,1,0,-0.20116617077135446,low
P01879,0,1,0,-0.07904584174553542,medium
P01880,0,1,0,-0.2098894215835167,low
P01881,0,1,0,-0.2019747188676,low
P01882,1,-1,1,0.027408477746479032,high
P01883,0,1,0,-0.19630139776568561,low
P01884,0,1,0,-0.20543965408632903,low
P01885,0,1,0,-0.2021395040413485,low
P01886,0,1,0,-0.1673542871174944,low
P01887,0,1,0,-0.1741874703462119,low
P01888,0,1,0,-0.16186231038717735,low
P01889,0,1,0,-0.12599579942451722,low
P01890,0,1,0,-0.190893406543498,low
P01891,0,1,0,-0.047275834989125354,medium
P01892,0,1,0,-0.1316803720013951,low
P01893,0,1,0,-0.19291806347691126,low
P01894,0,1,0,-0.12131819792993181,low
P01895,0,1,0,-0.1963269563527016,low
P01896,0,1,0,-0.10109109316184073,low
P01897,1,-1,1,0.06935852647447727,high
P01898,0,1,0,-0.14832003844204866,low
P01899,0,1,0,-0.2095589415910566,low
P01900,1,-1,1,0.04130826003462662,high
P01901,0,1,0,-0.18800751547514627,low
P01902,0,1,0,-0.18212280502304112,low
P01903,1,1,0,-0.007484065234942383,medium
P01904,0,1,0,-0.2134635296578289,low
P01905,0,1,0,-0.09748522468547116,low
P01906,0,1,0,-0.165766478757696,low
P01907,0,1,0,-0.21364867575561924,low
P01908,0,1,0,-0.1986919588765514,low
P01909,0,1,0,-0.18788209874235,low
P01910,0,1,0,-0.21087444543333045,low
P01911,0,1,0,-0.0673736618383236,medium
P01912,0,1,0,-0.12456856195837784,low
P01913,0,1,0,-0.19392547039179392,low
P01914,0,1,0,-0.12371468761393128,low
P01915,0,1,0,-0.2108773647250612,low
P01916,0,1,0,-0.03455761044375483,medium
P01917,0,1,0,-0.07418482167575813,medium
P01918,0,1,0,-0.2033484532836357,low
P01919,0,1,0,-0.17903868679257628,low
P01920,0,1,0,-0.18918052629700877,low
P01921,0,1,0,-0.1658960583444457,low
P01922,0,1,0,-0.1927735428765363,low
P01923,0,1,0,-0.07092933735554652,medium
P01924,0,1,0,-0.20651176910918817,low
P01925,0,1,0,-0.18952291455035336,low
P01926,0,1,0,-0.20705287049800825,low
P01927,0,1,0,-0.19453936437496294,low
P01928,0,1,0,-0.13783484994630862,low
P01929,0,1,0,-0.11856198113002547,low
P01930,0,1,0,-0.1759909289412115,low
P01931,0,1,0,-0.21026947186712897,low
P01932,0,1,0,-0.18575371865045343,low
P01933,0,1,0,-0.20693836244072833,low
P01934,0,1,0,-0.1984197887194909,low
P01935,0,1,0,-0.13057121067124633,low
P01936,0,1,0,-0.15782084201694913,low
P01937,0,1,0,-0.18346349973938153,low
P01938,0,1,0,-0.10372082021700785,low
P01939,0,1,0,-0.20049596109716028,low
P01940,0,1,0,-0.1563848021690532,low
P01941,0,1,0,-0.15457707266485993,low
P01942,0,1,0,-0.1676235256294885,low
P01943,0,1,0,-0.1127187260714802,low
P01944,0,1,0,-0.1273407753707625,low
P01945,0,1,0,-0.14735556508542375,low
P01946,0,1,0,-0.10681843484314113,low
P01947,0,1,0,-0.1712365004193508,low
P01948,0,1,0,-0.20190580284529475,low
P01949,0,1,0,-0.185859301731036,low
P01950,0,1,0,-0.09237092822271192,medium
P01951,0,1,0,-0.14752455784288415,low
P01952,0,1,0,-0.12117201389279275,low
P01953,0,1,0,-0.13021266714687618,low
P01954,0,1,0,-0.1605579667041383,low
P01955,0,1,0,-0.179899213614512,low
P01956,0,1,0,-0.0940541806427792,medium
P01957,0,1,0,-0.16541943086424987,low
P01958,0,1,0,-0.17843155614773742,low
P01959,0,1,0,-0.09536501949995979,low
P01960,0,1,0,-0.2091134289582683,low
P01961,0,1,0,-0.20576440359456105,low
P01962,0,1,0,-0.07549757308237715,medium
P01963,0,1,0,-0.16759570737958562,low
P01964,0,1,0,-0.08829158380697744,medium
P01965,0,1,0,-0.18930420282920207,low
P01966,0,1,0,-0.17097222084914332,low
P01967,0,1,0,-0.0997931796149204,low
P01968,0,1,0,-0.08140420779330981,medium
P01969,0,1,0,-0.12692834334683561,low
P01970,0,1,0,-0.19130754426019703,low
P01971,0,1,0,-0.1606277452766347,low
P01972,0,1,0,-0.13083047674708048,low
P01973,0,1,0,-0.21377435131677353,low
P01974,0,1,0,-0.1712457808967215,low
P01975,0,1,0,-0.13945448135894262,low
P01976,0,1,0,-0.15797531436326917,low
P01977,0,1,0,-0.08335767231136665,medium
P01978,0,1,0,-0.17415691329794164,low
P01979,0,1,0,-0.15220219301418036,low
P01980,0,1,0,-0.20821093075401614,low
P01981,0,1,0,-0.18803922143204366,low
P01982,0,1,0,-0.14066263058863498,low
P01983,0,1,0,-0.07358192582995104,medium
P01984,0,1,0,-0.19113963437231885,low
P01985,0,1,0,-0.15769314488061964,low
P01986,0,1,0,-0.1861980036513347,low
P01987,0,1,0,-0.1474223336528243,low
P01988,0,1,0,-0.11909363745581347,low
P01989,0,1,0,-0.07100060916886686,medium
P01990,0,1,0,-0.19534930453512606,low
P01991,0,1,0,-0.17514891633337376,low
P01992,0,1,0,-0.11803507055045875,low
P01993,0,1,0,-0.16076068828106088,low
P01994,0,1,0,-0.21215979353488457,low
P01995,0,1,0,-0.17291806896116624,low
P01996,0,1,0,-0.1796965816078101,low
P01997,0,1,0,-0.1859006912808457,low
P01998,1,-1,1,0.02889681122554455,high
P01999,0,1,0,-0.16904760443094652,low
P02000,0,1,0,-0.17044916542735344,low
